Date,Open,High,Low,Close,Adj_Close,Volume,Repaired?
2021-04-21,7150.0,7490.0,6600.0,7000.0,7000.0,6123400,False
2021-04-22,7070.0,7090.0,6280.0,6500.0,6500.0,2246900,False
2021-04-25,6600.0,6640.0,6130.0,6440.0,6440.0,1399400,False
2021-04-26,6200.0,6350.0,6030.0,6120.0,6120.0,1031800,False
2021-04-27,6210.0,6350.0,6060.0,6280.0,6280.0,652900,False
2021-04-29,6340.0,6400.0,6150.0,6250.0,6250.0,426400,False
2021-05-05,6300.0,6550.0,6210.0,6500.0,6500.0,267300,False
2021-05-06,6400.0,6440.0,6110.0,6180.0,6180.0,354900,False
2021-05-09,6170.0,6180.0,5880.0,5910.0,5910.0,370300,False
2021-05-10,5920.0,6110.0,5880.0,6000.0,6000.0,181200,False
2021-05-11,6090.0,6320.0,5960.0,6170.0,6170.0,253300,False
2021-05-12,6090.0,6180.0,6000.0,6070.0,6070.0,169500,False
2021-05-13,6100.0,6340.0,6100.0,6340.0,6340.0,164700,False
2021-05-16,6260.0,6280.0,6040.0,6160.0,6160.0,90200,False
2021-05-17,6120.0,6170.0,6100.0,6170.0,6170.0,44900,False
2021-05-18,6100.0,6210.0,6100.0,6170.0,6170.0,28200,False
2021-05-19,6100.0,6280.0,6100.0,6250.0,6250.0,52800,False
2021-05-20,6290.0,6330.0,6160.0,6330.0,6330.0,54500,False
2021-05-23,6340.0,6350.0,6230.0,6330.0,6330.0,32400,False
2021-05-24,6360.0,6440.0,6340.0,6370.0,6370.0,63500,False
2021-05-25,6380.0,6830.0,6380.0,6700.0,6700.0,237800,False
2021-05-26,6690.0,6800.0,6520.0,6700.0,6700.0,127600,False
2021-05-27,6720.0,6790.0,6600.0,6640.0,6640.0,167300,False
2021-05-30,6640.0,6770.0,6540.0,6750.0,6750.0,69600,False
2021-05-31,6830.0,6860.0,6500.0,6660.0,6660.0,99000,False
2021-06-01,6560.0,6690.0,6530.0,6680.0,6680.0,38500,False
2021-06-02,6680.0,6710.0,6380.0,6420.0,6420.0,100700,False
2021-06-03,6390.0,6560.0,6390.0,6560.0,6560.0,53700,False
2021-06-06,6570.0,6660.0,6520.0,6590.0,6590.0,71500,False
2021-06-07,6940.0,7200.0,6850.0,6900.0,6900.0,414700,False
2021-06-08,6900.0,7030.0,6740.0,6920.0,6920.0,169700,False
2021-06-09,6960.0,6960.0,6720.0,6800.0,6800.0,74100,False
2021-06-10,6850.0,6900.0,6630.0,6740.0,6740.0,75500,False
2021-06-13,6650.0,6790.0,6600.0,6780.0,6780.0,44400,False
2021-06-14,6840.0,6840.0,6710.0,6740.0,6740.0,49700,False
2021-06-15,6730.0,6760.0,6630.0,6740.0,6740.0,63800,False
2021-06-16,6660.0,6670.0,6410.0,6430.0,6430.0,89100,False
2021-06-17,6520.0,6720.0,6460.0,6510.0,6510.0,119500,False
2021-06-20,6310.0,6420.0,6280.0,6390.0,6390.0,62500,False
2021-06-21,6480.0,6480.0,6330.0,6330.0,6330.0,31900,False
2021-06-22,6340.0,6380.0,6110.0,6110.0,6110.0,70000,False
2021-06-23,6120.0,6190.0,5980.0,6050.0,6050.0,71700,False
2021-06-24,6080.0,6150.0,6050.0,6060.0,6060.0,40300,False
2021-06-27,6040.0,6220.0,6010.0,6200.0,6200.0,50700,False
2021-06-28,6290.0,6300.0,6150.0,6200.0,6200.0,33000,False
2021-06-29,6140.0,6170.0,6050.0,6100.0,6100.0,69900,False
2021-06-30,6150.0,6150.0,6010.0,6030.0,6030.0,36200,False
2021-07-01,6030.0,6070.0,5920.0,6010.0,6010.0,66900,False
2021-07-04,6020.0,6270.0,6000.0,6220.0,6220.0,65800,False
2021-07-05,6300.0,6420.0,6220.0,6270.0,6270.0,51200,False
2021-07-06,6340.0,6660.0,6310.0,6540.0,6540.0,138500,False
2021-07-07,6450.0,6530.0,6290.0,6380.0,6380.0,35900,False
2021-07-08,6280.0,6360.0,6090.0,6290.0,6290.0,64300,False
2021-07-11,6350.0,6400.0,6230.0,6320.0,6320.0,39100,False
2021-07-12,6270.0,6330.0,6180.0,6200.0,6200.0,21400,False
2021-07-13,6220.0,6320.0,6180.0,6210.0,6210.0,29900,False
2021-07-14,6150.0,6180.0,6060.0,6130.0,6130.0,44200,False
2021-07-15,6080.0,6110.0,6040.0,6070.0,6070.0,24200,False
2021-07-18,6110.0,6120.0,5960.0,6040.0,6040.0,39600,False
2021-07-19,5960.0,6040.0,5800.0,5810.0,5810.0,60000,False
2021-07-20,5910.0,5910.0,5660.0,5680.0,5680.0,50900,False
2021-07-25,5780.0,5810.0,5420.0,5530.0,5530.0,94400,False
2021-07-26,5450.0,5790.0,5450.0,5720.0,5720.0,90200,False
2021-07-27,5620.0,5740.0,5290.0,5320.0,5320.0,126200,False
2021-07-28,5360.0,5720.0,5350.0,5680.0,5680.0,82000,False
2021-07-29,5500.0,5580.0,5440.0,5540.0,5540.0,36300,False
2021-08-01,5540.0,5880.0,5370.0,5780.0,5780.0,72200,False
2021-08-02,5840.0,5980.0,5660.0,5810.0,5810.0,81100,False
2021-08-03,5700.0,5740.0,5580.0,5580.0,5580.0,21800,False
2021-08-04,5580.0,5700.0,5460.0,5570.0,5570.0,50600,False
2021-08-05,5570.0,5620.0,5420.0,5540.0,5540.0,31500,False
2021-08-09,5470.0,5680.0,5470.0,5650.0,5650.0,29600,False
2021-08-10,5690.0,5900.0,5660.0,5830.0,5830.0,54700,False
2021-08-11,5730.0,5780.0,5440.0,5550.0,5550.0,63200,False
2021-08-12,5570.0,5850.0,5540.0,5760.0,5760.0,69900,False
2021-08-15,5860.0,5930.0,5610.0,5690.0,5690.0,51600,False
2021-08-16,5770.0,6070.0,5650.0,5770.0,5770.0,96800,False
2021-08-17,5770.0,6100.0,5680.0,6070.0,6070.0,64500,False
2021-08-18,5970.0,6110.0,5890.0,5960.0,5960.0,44200,False
2021-08-19,6010.0,6140.0,5930.0,5990.0,5990.0,55800,False
2021-08-22,6150.0,6280.0,6130.0,6190.0,6190.0,73600,False
2021-08-23,6340.0,6460.0,6090.0,6200.0,6200.0,92400,False
2021-08-24,6200.0,6350.0,6190.0,6280.0,6280.0,41900,False
2021-08-25,6370.0,6440.0,6250.0,6310.0,6310.0,46200,False
2021-08-26,6320.0,6450.0,6250.0,6300.0,6300.0,36800,False
2021-08-29,6310.0,6540.0,6310.0,6430.0,6430.0,39600,False
2021-08-30,6520.0,6580.0,6430.0,6530.0,6530.0,52600,False
2021-08-31,6550.0,6580.0,6360.0,6360.0,6360.0,40300,False
2021-09-01,6570.0,6610.0,6310.0,6340.0,6340.0,63000,False
2021-09-02,6310.0,6380.0,6020.0,6200.0,6200.0,65700,False
2021-09-05,6220.0,6300.0,6110.0,6250.0,6250.0,47200,False
2021-09-06,6300.0,6300.0,6160.0,6230.0,6230.0,34300,False
2021-09-07,6250.0,6270.0,6190.0,6240.0,6240.0,36400,False
2021-09-08,6190.0,6220.0,6130.0,6190.0,6190.0,34800,False
2021-09-09,6530.0,6610.0,6040.0,6080.0,6080.0,373900,False
2021-09-12,6010.0,6040.0,5800.0,5860.0,5860.0,188500,False
2021-09-13,6560.0,6760.0,6220.0,6520.0,6520.0,689600,False
2021-09-14,6840.0,7520.0,6840.0,7340.0,7340.0,863900,False
2021-09-15,7190.0,7210.0,6500.0,6770.0,6770.0,493100,False
2021-09-16,6730.0,7150.0,6700.0,7050.0,7050.0,380700,False
2021-09-20,6810.0,7250.0,6610.0,6990.0,6990.0,337600,False
2021-09-21,7290.0,7480.0,7000.0,7050.0,7050.0,378200,False
2021-09-23,7350.0,7650.0,7210.0,7390.0,7390.0,261000,False
2021-09-26,7640.0,7960.0,7560.0,7780.0,7780.0,335800,False
2021-09-27,7480.0,7480.0,7030.0,7100.0,7100.0,304800,False
2021-09-28,6950.0,7210.0,6840.0,7180.0,7180.0,166400,False
2021-09-29,7200.0,7430.0,7040.0,7170.0,7170.0,192100,False
2021-09-30,7290.0,7550.0,7170.0,7370.0,7370.0,199400,False
2021-10-03,7500.0,7870.0,7300.0,7510.0,7510.0,220400,False
2021-10-04,7400.0,7670.0,7070.0,7370.0,7370.0,188400,False
2021-10-05,7450.0,7530.0,7200.0,7300.0,7300.0,139900,False
2021-10-06,7300.0,7420.0,7160.0,7260.0,7260.0,102200,False
2021-10-07,7380.0,7640.0,7330.0,7540.0,7540.0,121300,False
2021-10-10,7650.0,8000.0,7580.0,7760.0,7760.0,236200,False
2021-10-11,7700.0,7910.0,7620.0,7830.0,7830.0,128200,False
2021-10-12,7890.0,8480.0,7830.0,7980.0,7980.0,288500,False
2021-10-13,8100.0,8560.0,8100.0,8350.0,8350.0,324800,False
2021-10-14,8500.0,8580.0,8230.0,8340.0,8340.0,215100,False
2021-10-17,8460.0,8670.0,8120.0,8270.0,8270.0,206200,False
2021-10-18,8340.0,8650.0,8300.0,8640.0,8640.0,194300,False
2021-10-19,8610.0,8750.0,8460.0,8590.0,8590.0,146300,False
2021-10-20,8550.0,8570.0,8190.0,8240.0,8240.0,104400,False
2021-10-21,8160.0,8270.0,7980.0,8110.0,8110.0,104400,False
2021-10-24,8030.0,8300.0,7920.0,8230.0,8230.0,95000,False
2021-10-25,8310.0,8630.0,8290.0,8500.0,8500.0,141600,False
2021-10-26,8520.0,8670.0,8330.0,8470.0,8470.0,88700,False
2021-10-27,8500.0,8570.0,8330.0,8460.0,8460.0,67300,False
2021-10-28,8510.0,8890.0,8470.0,8860.0,8860.0,228000,False
2021-10-31,8850.0,9200.0,8700.0,9080.0,9080.0,153100,False
2021-11-01,9100.0,9600.0,8970.0,9140.0,9140.0,180000,False
2021-11-03,9160.0,9200.0,8910.0,8940.0,8940.0,157400,False
2021-11-04,9000.0,9040.0,8730.0,8980.0,8980.0,134900,False
2021-11-07,9130.0,9170.0,8580.0,8840.0,8840.0,113600,False
2021-11-08,8990.0,9160.0,8900.0,8910.0,8910.0,124500,False
2021-11-09,8860.0,9310.0,8800.0,8910.0,8910.0,141000,False
2021-11-10,8990.0,9100.0,8890.0,9080.0,9080.0,73800,False
2021-11-11,9000.0,9340.0,8900.0,8950.0,8950.0,171000,False
2021-11-14,8940.0,8970.0,8650.0,8920.0,8920.0,133300,False
2021-11-15,8870.0,8990.0,8840.0,8900.0,8900.0,60200,False
2021-11-16,9030.0,9110.0,8750.0,8880.0,8880.0,94100,False
2021-11-17,8990.0,9410.0,8970.0,9310.0,9310.0,188300,False
2021-11-18,9310.0,9740.0,9230.0,9380.0,9380.0,144400,False
2021-11-21,9400.0,9410.0,8500.0,8570.0,8570.0,276700,False
2021-11-23,8420.0,8470.0,8180.0,8230.0,8230.0,141600,False
2021-11-24,8370.0,8410.0,8160.0,8220.0,8220.0,98700,False
2021-11-25,8280.0,8380.0,7950.0,8070.0,8070.0,93500,False
2021-11-28,7920.0,8140.0,7790.0,7850.0,7850.0,132900,False
2021-11-29,8140.0,8490.0,8070.0,8160.0,8160.0,555700,False
2021-11-30,8010.0,8150.0,7560.0,7850.0,7850.0,210100,False
2021-12-01,7700.0,8050.0,7650.0,7790.0,7790.0,145400,False
2021-12-02,7940.0,8480.0,7800.0,8300.0,8300.0,139100,False
2021-12-05,8170.0,8200.0,7760.0,7970.0,7970.0,155200,False
2021-12-06,8070.0,8350.0,7940.0,8310.0,8310.0,114500,False
2021-12-07,8560.0,8580.0,8310.0,8530.0,8530.0,129700,False
2021-12-08,8490.0,8900.0,8190.0,8680.0,8680.0,250400,False
2021-12-09,10180.0,10180.0,10180.0,10180.0,10180.0,92300,False
2021-12-12,9880.0,11550.0,9570.0,10790.0,10790.0,2336000,False
2021-12-13,10600.0,11170.0,10000.0,10150.0,10150.0,1155500,False
2021-12-14,9950.0,10130.0,9380.0,9640.0,9640.0,559200,False
2021-12-15,10300.0,10510.0,10020.0,10240.0,10240.0,295100,False
2021-12-16,9800.0,10290.0,9750.0,9890.0,9890.0,214500,False
2021-12-19,9810.0,10020.0,9450.0,9470.0,9470.0,190400,False
2021-12-20,9890.0,9910.0,9480.0,9700.0,9700.0,217700,False
2021-12-21,9840.0,10130.0,9720.0,9970.0,9970.0,186600,False
2021-12-22,10150.0,10190.0,9930.0,10070.0,10070.0,154700,False
2021-12-23,10100.0,10270.0,9970.0,10090.0,10090.0,115300,False
2021-12-26,10180.0,10200.0,9820.0,10020.0,10020.0,92400,False
2021-12-27,9900.0,10070.0,9720.0,10000.0,10000.0,192500,False
2021-12-28,9970.0,10150.0,9860.0,10070.0,10070.0,92100,False
2021-12-29,9900.0,9900.0,9460.0,9710.0,9710.0,232500,False
2022-01-03,9820.0,9950.0,9260.0,9400.0,9400.0,222800,False
2022-01-04,9250.0,9600.0,8790.0,8800.0,8800.0,335000,False
2022-01-05,8560.0,8560.0,7960.0,8140.0,8140.0,424600,False
2022-01-06,8340.0,8450.0,7840.0,8140.0,8140.0,275500,False
2022-01-10,7990.0,7990.0,7750.0,7790.0,7790.0,265500,False
2022-01-11,8220.0,8350.0,8020.0,8100.0,8100.0,251200,False
2022-01-12,8110.0,8270.0,7450.0,7630.0,7630.0,306300,False
2022-01-13,7460.0,7460.0,7140.0,7260.0,7260.0,301000,False
2022-01-16,7310.0,7390.0,6950.0,6960.0,6960.0,191900,False
2022-01-17,7770.0,7770.0,7110.0,7180.0,7180.0,668700,False
2022-01-18,6940.0,7200.0,6880.0,7000.0,7000.0,391900,False
2022-01-19,6940.0,7850.0,6920.0,7800.0,7800.0,533900,False
2022-01-20,7500.0,7790.0,7480.0,7700.0,7700.0,315500,False
2022-01-23,7920.0,8370.0,7770.0,8370.0,8370.0,655000,False
2022-01-24,8580.0,8580.0,7690.0,7770.0,7770.0,539500,False
2022-01-25,7720.0,8140.0,7530.0,8000.0,8000.0,327200,False
2022-01-26,8000.0,8080.0,7290.0,7420.0,7420.0,438700,False
2022-01-27,7570.0,7870.0,7490.0,7810.0,7810.0,255700,False
2022-01-30,8030.0,8450.0,7990.0,8270.0,8270.0,246200,False
2022-01-31,8800.0,8900.0,8430.0,8560.0,8560.0,263700,False
2022-02-01,8660.0,8900.0,8540.0,8900.0,8900.0,153500,False
2022-02-02,8540.0,8590.0,8170.0,8380.0,8380.0,199800,False
2022-02-03,8380.0,8600.0,8180.0,8600.0,8600.0,166900,False
2022-02-06,8580.0,8790.0,8370.0,8490.0,8490.0,114200,False
2022-02-07,8490.0,8890.0,8360.0,8620.0,8620.0,181000,False
2022-02-08,8920.0,8960.0,8500.0,8690.0,8690.0,138000,False
2022-02-09,8840.0,9270.0,8840.0,9120.0,9120.0,180500,False
2022-02-13,8820.0,9080.0,8520.0,8560.0,8560.0,234700,False
2022-02-14,8510.0,8540.0,8010.0,8030.0,8030.0,236400,False
2022-02-15,8330.0,8490.0,8080.0,8220.0,8220.0,178300,False
2022-02-16,8330.0,8340.0,8040.0,8080.0,8080.0,123400,False
2022-02-17,7700.0,8010.0,7570.0,7920.0,7920.0,263500,False
2022-02-20,7770.0,7790.0,7540.0,7590.0,7590.0,143200,False
2022-02-21,7360.0,7820.0,7290.0,7520.0,7520.0,189600,False
2022-02-23,7480.0,7710.0,7150.0,7270.0,7270.0,280800,False
2022-02-24,8300.0,8760.0,7970.0,8120.0,8120.0,351800,False
2022-02-27,8120.0,8520.0,8060.0,8330.0,8330.0,269300,False
2022-02-28,8470.0,8970.0,8430.0,8880.0,8880.0,244700,False
2022-03-01,8780.0,8990.0,8650.0,8850.0,8850.0,189500,False
2022-03-02,8960.0,8990.0,8520.0,8670.0,8670.0,189600,False
2022-03-03,8430.0,8450.0,7950.0,8130.0,8130.0,211900,False
2022-03-06,7720.0,7970.0,7590.0,7880.0,7880.0,125600,False
2022-03-07,7730.0,8200.0,7720.0,7810.0,7810.0,232600,False
2022-03-08,8070.0,8090.0,7600.0,7640.0,7640.0,144300,False
2022-03-09,8050.0,8230.0,7980.0,8060.0,8060.0,145900,False
2022-03-10,7990.0,7990.0,7530.0,7760.0,7760.0,176900,False
2022-03-13,7730.0,7900.0,7560.0,7740.0,7740.0,218700,False
2022-03-14,7850.0,7850.0,7410.0,7570.0,7570.0,393000,False
2022-03-15,6970.0,7320.0,6640.0,7250.0,7250.0,886400,False
2022-03-16,7400.0,7600.0,7170.0,7310.0,7310.0,658700,False
2022-03-17,7310.0,7780.0,7140.0,7730.0,7730.0,515100,False
2022-03-21,7600.0,7680.0,7290.0,7350.0,7350.0,476500,False
2022-03-22,7440.0,7680.0,7390.0,7430.0,7430.0,455500,False
2022-03-23,7400.0,7590.0,7330.0,7570.0,7570.0,229400,False
2022-03-24,7590.0,7640.0,7130.0,7200.0,7200.0,412600,False
2022-03-27,7050.0,7200.0,6910.0,7140.0,7140.0,243700,False
2022-03-28,7240.0,7300.0,7100.0,7210.0,7210.0,208500,False
2022-03-29,7400.0,7510.0,7210.0,7470.0,7470.0,274500,False
2022-03-30,7450.0,7680.0,7400.0,7560.0,7560.0,214200,False
2022-03-31,7480.0,8120.0,7420.0,8030.0,8030.0,281200,False
2022-04-03,8480.0,8810.0,8240.0,8720.0,8720.0,388200,False
2022-04-04,8940.0,8980.0,8660.0,8820.0,8820.0,239400,False
2022-04-05,8520.0,8550.0,8210.0,8390.0,8390.0,271500,False
2022-04-06,8050.0,8120.0,7830.0,8020.0,8020.0,147700,False
2022-04-07,8110.0,8250.0,7990.0,8150.0,8150.0,134800,False
2022-04-10,7950.0,7990.0,7720.0,7750.0,7750.0,104000,False
2022-04-11,7600.0,7790.0,7560.0,7620.0,7620.0,133300,False
2022-04-12,7710.0,8070.0,7570.0,8040.0,8040.0,241700,False
2022-04-13,8100.0,8130.0,7870.0,8020.0,8020.0,106800,False
2022-04-14,7910.0,7960.0,7660.0,7900.0,7900.0,91800,False
2022-04-17,7780.0,7910.0,7580.0,7620.0,7620.0,101800,False
2022-04-18,7700.0,7750.0,7350.0,7430.0,7430.0,143700,False
2022-04-19,7520.0,7520.0,7180.0,7200.0,7200.0,172900,False
2022-04-20,7200.0,7440.0,7180.0,7310.0,7310.0,108900,False
2022-04-21,7320.0,7500.0,7220.0,7330.0,7330.0,175800,False
2022-04-24,7200.0,7430.0,7060.0,7330.0,7330.0,150800,False
2022-04-25,7480.0,7580.0,7340.0,7510.0,7510.0,121200,False
2022-04-26,7410.0,7450.0,7270.0,7380.0,7380.0,105700,False
2022-04-27,7300.0,7300.0,7060.0,7170.0,7170.0,136100,False
2022-05-01,7140.0,7140.0,6990.0,7030.0,7030.0,109900,False
2022-05-05,7000.0,7030.0,6760.0,6760.0,6760.0,156200,False
2022-05-08,6560.0,6660.0,6320.0,6410.0,6410.0,201100,False
2022-05-09,6310.0,6430.0,6210.0,6330.0,6330.0,105500,False
2022-05-10,6290.0,6440.0,6010.0,6160.0,6160.0,204200,False
2022-05-11,6020.0,6090.0,5810.0,5840.0,5840.0,185900,False
2022-05-12,5990.0,6190.0,5920.0,6070.0,6070.0,188500,False
2022-05-15,6230.0,6370.0,6110.0,6330.0,6330.0,173300,False
2022-05-16,6310.0,6310.0,5940.0,6070.0,6070.0,153500,False
2022-05-17,6170.0,6200.0,5960.0,6030.0,6030.0,110800,False
2022-05-18,5740.0,5920.0,5690.0,5850.0,5850.0,139200,False
2022-05-19,5950.0,6090.0,5830.0,6030.0,6030.0,129700,False
2022-05-22,6130.0,6260.0,6080.0,6260.0,6260.0,96000,False
2022-05-23,6260.0,6270.0,6010.0,6020.0,6020.0,101700,False
2022-05-24,6070.0,6080.0,5830.0,5880.0,5880.0,119500,False
2022-05-25,5840.0,5980.0,5810.0,5890.0,5890.0,114600,False
2022-05-26,5940.0,5970.0,5840.0,5850.0,5850.0,135000,False
2022-05-29,5990.0,6110.0,5950.0,6070.0,6070.0,256200,False
2022-05-30,5970.0,6080.0,5890.0,6030.0,6030.0,261300,False
2022-05-31,5960.0,6040.0,5910.0,5920.0,5920.0,161800,False
2022-06-01,5900.0,5950.0,5830.0,5880.0,5880.0,136000,False
2022-06-02,5960.0,6060.0,5890.0,6060.0,6060.0,222600,False
2022-06-05,5970.0,6070.0,5900.0,6010.0,6010.0,211200,False
2022-06-06,6010.0,6030.0,5710.0,5730.0,5730.0,403800,False
2022-06-07,5770.0,5970.0,5700.0,5940.0,5940.0,315900,False
2022-06-08,6000.0,6230.0,5970.0,6200.0,6200.0,400300,False
2022-06-09,5880.0,5990.0,5770.0,5920.0,5920.0,341400,False
2022-06-12,5850.0,5850.0,5300.0,5360.0,5360.0,463100,False
2022-06-13,5760.0,5910.0,5560.0,5900.0,5900.0,1053800,False
2022-06-14,6100.0,6310.0,5730.0,6250.0,6250.0,981700,False
2022-06-15,6650.0,6790.0,6190.0,6230.0,6230.0,783500,False
2022-06-16,5930.0,6130.0,5600.0,5700.0,5700.0,789400,False
2022-06-19,5840.0,5870.0,5500.0,5590.0,5590.0,383500,False
2022-06-20,5660.0,5720.0,5580.0,5700.0,5700.0,369600,False
2022-06-21,5700.0,5740.0,5510.0,5640.0,5640.0,292400,False
2022-06-22,5650.0,5760.0,5590.0,5620.0,5620.0,175600,False
2022-06-23,5760.0,6350.0,5720.0,6330.0,6330.0,542800,False
2022-06-26,6400.0,6400.0,6170.0,6240.0,6240.0,455300,False
2022-06-27,6140.0,6420.0,6120.0,6380.0,6380.0,245900,False
2022-06-28,5980.0,6170.0,5960.0,6150.0,6150.0,284100,False
2022-06-29,6170.0,6310.0,6050.0,6090.0,6090.0,181400,False
2022-06-30,6040.0,6180.0,5810.0,5840.0,5840.0,199800,False
2022-07-03,6060.0,6420.0,6050.0,6350.0,6350.0,329000,False
2022-07-04,6410.0,6640.0,6400.0,6540.0,6540.0,363100,False
2022-07-05,6690.0,6840.0,6610.0,6700.0,6700.0,233100,False
2022-07-06,6520.0,6680.0,6440.0,6510.0,6510.0,396800,False
2022-07-07,6520.0,6530.0,6110.0,6230.0,6230.0,381100,False
2022-07-10,6400.0,6470.0,6100.0,6100.0,6100.0,257400,False
2022-07-11,6000.0,6090.0,5910.0,6030.0,6030.0,193000,False
2022-07-12,6040.0,6060.0,5770.0,5770.0,5770.0,317600,False
2022-07-13,5820.0,5970.0,5640.0,5960.0,5960.0,255200,False
2022-07-14,5880.0,5960.0,5750.0,5880.0,5880.0,226800,False
2022-07-18,5980.0,6330.0,5940.0,6290.0,6290.0,368000,False
2022-07-19,6370.0,6540.0,6350.0,6490.0,6490.0,252300,False
2022-07-20,6490.0,6730.0,6490.0,6660.0,6660.0,224500,False
2022-07-21,6700.0,6870.0,6670.0,6750.0,6750.0,227500,False
2022-07-24,6660.0,6740.0,6580.0,6590.0,6590.0,154500,False
2022-07-25,6620.0,6740.0,6500.0,6720.0,6720.0,95900,False
2022-07-26,6700.0,7020.0,6650.0,7000.0,7000.0,233700,False
2022-07-27,7180.0,7220.0,6930.0,7120.0,7120.0,293000,False
2022-07-28,7400.0,7540.0,7150.0,7240.0,7240.0,269200,False
2022-07-31,7230.0,7610.0,7190.0,7460.0,7460.0,276400,False
2022-08-01,7450.0,7460.0,7210.0,7270.0,7270.0,157200,False
2022-08-02,7400.0,7460.0,7250.0,7320.0,7320.0,102300,False
2022-08-03,7500.0,7660.0,7450.0,7640.0,7640.0,237400,False
2022-08-04,7490.0,7570.0,7400.0,7490.0,7490.0,145500,False
2022-08-07,7460.0,7490.0,7300.0,7380.0,7380.0,168400,False
2022-08-08,7320.0,7670.0,7320.0,7650.0,7650.0,125300,False
2022-08-09,7430.0,7580.0,7330.0,7530.0,7530.0,159200,False
2022-08-11,7670.0,7740.0,7550.0,7730.0,7730.0,157300,False
2022-08-14,7840.0,7900.0,7730.0,7780.0,7780.0,146700,False
2022-08-15,7900.0,8240.0,7870.0,8060.0,8060.0,250500,False
2022-08-16,7890.0,8020.0,7820.0,8000.0,8000.0,151400,False
2022-08-17,7900.0,8000.0,7760.0,8000.0,8000.0,110200,False
2022-08-18,7850.0,7910.0,7670.0,7670.0,7670.0,175700,False
2022-08-21,7230.0,7630.0,7180.0,7600.0,7600.0,177300,False
2022-08-22,7530.0,7690.0,7450.0,7640.0,7640.0,88500,False
2022-08-23,7540.0,7660.0,7470.0,7530.0,7530.0,92900,False
2022-08-24,7710.0,7790.0,7640.0,7710.0,7710.0,75600,False
2022-08-25,7760.0,7780.0,7580.0,7600.0,7600.0,71900,False
2022-08-28,7300.0,7440.0,7260.0,7330.0,7330.0,124900,False
2022-08-29,7270.0,7450.0,7220.0,7450.0,7450.0,111900,False
2022-08-30,7370.0,7540.0,7310.0,7540.0,7540.0,90700,False
2022-08-31,7390.0,7390.0,7110.0,7150.0,7150.0,174100,False
2022-09-01,7190.0,7190.0,7010.0,7080.0,7080.0,99900,False
2022-09-04,7050.0,7300.0,7050.0,7270.0,7270.0,91700,False
2022-09-05,7270.0,7360.0,7210.0,7290.0,7290.0,79400,False
2022-09-06,7350.0,7350.0,7180.0,7270.0,7270.0,88800,False
2022-09-07,7350.0,7450.0,7300.0,7390.0,7390.0,127500,False
2022-09-08,7420.0,7490.0,7310.0,7400.0,7400.0,161100,False
2022-09-11,7650.0,7800.0,7620.0,7670.0,7670.0,173900,False
2022-09-12,7720.0,8090.0,7690.0,8090.0,8090.0,307000,False
2022-09-13,7790.0,7950.0,7710.0,7880.0,7880.0,389200,False
2022-09-14,9380.0,9380.0,8850.0,9380.0,9380.0,2314200,False
2022-09-15,9280.0,9870.0,8900.0,9000.0,9000.0,1448900,False
2022-09-19,8970.0,9070.0,8720.0,8940.0,8940.0,413300,False
2022-09-20,8850.0,8910.0,8580.0,8720.0,8720.0,241200,False
2022-09-21,8650.0,8840.0,8440.0,8710.0,8710.0,293500,False
2022-09-25,8560.0,8790.0,8540.0,8590.0,8590.0,281100,False
2022-09-26,8380.0,8780.0,8340.0,8760.0,8760.0,239000,False
2022-09-27,9160.0,9160.0,8680.0,8750.0,8750.0,476700,False
2022-09-28,9000.0,9100.0,8790.0,8840.0,8840.0,227100,False
2022-09-29,8770.0,9040.0,8740.0,8970.0,8970.0,256900,False
2022-10-02,8870.0,9210.0,8580.0,9180.0,9180.0,262900,False
2022-10-03,9370.0,10430.0,9270.0,10390.0,10390.0,831100,False
2022-10-04,10600.0,11070.0,10230.0,10660.0,10660.0,1164500,False
2022-10-05,10550.0,11090.0,10510.0,11010.0,11010.0,601600,False
2022-10-06,10680.0,10730.0,10250.0,10300.0,10300.0,563200,False
2022-10-10,10040.0,10290.0,9970.0,10070.0,10070.0,262100,False
2022-10-11,9910.0,10200.0,9820.0,10070.0,10070.0,232100,False
2022-10-12,10220.0,10280.0,9660.0,9790.0,9790.0,333200,False
2022-10-13,10000.0,10070.0,9690.0,9750.0,9750.0,238700,False
2022-10-16,9700.0,9710.0,9400.0,9530.0,9530.0,199300,False
2022-10-17,9680.0,9960.0,9600.0,9960.0,9960.0,259500,False
2022-10-18,9960.0,10050.0,9730.0,9840.0,9840.0,305700,False
2022-10-19,9850.0,9960.0,9640.0,9900.0,9900.0,221100,False
2022-10-20,9960.0,10120.0,9830.0,9980.0,9980.0,250500,False
2022-10-23,10190.0,10490.0,10070.0,10120.0,10120.0,296900,False
2022-10-24,10170.0,10260.0,10030.0,10190.0,10190.0,136400,False
2022-10-25,10260.0,10290.0,9950.0,10140.0,10140.0,203100,False
2022-10-26,10180.0,10530.0,10100.0,10420.0,10420.0,225200,False
2022-10-27,10470.0,10680.0,10340.0,10470.0,10470.0,220400,False
2022-10-30,10490.0,10530.0,10130.0,10140.0,10140.0,179500,False
2022-10-31,10130.0,10520.0,10060.0,10480.0,10480.0,177500,False
2022-11-01,10480.0,10610.0,10320.0,10350.0,10350.0,177800,False
2022-11-03,10100.0,10620.0,10020.0,10470.0,10470.0,269400,False
2022-11-06,10250.0,10760.0,10250.0,10400.0,10400.0,175900,False
2022-11-07,10410.0,10700.0,10360.0,10670.0,10670.0,120200,False
2022-11-08,10720.0,10900.0,10380.0,10470.0,10470.0,174800,False
2022-11-09,10520.0,10530.0,10260.0,10270.0,10270.0,88500,False
2022-11-10,10760.0,11040.0,10470.0,10520.0,10520.0,439800,False
2022-11-13,10760.0,10810.0,10470.0,10510.0,10510.0,211700,False
2022-11-14,10320.0,10320.0,9910.0,9980.0,9980.0,310100,False
2022-11-15,10210.0,10330.0,9970.0,10100.0,10100.0,258400,False
2022-11-16,9800.0,10120.0,9560.0,10010.0,10010.0,370300,False
2022-11-17,10020.0,10080.0,9680.0,9720.0,9720.0,297800,False
2022-11-20,9800.0,9980.0,9760.0,9980.0,9980.0,138100,False
2022-11-21,9990.0,10060.0,9710.0,9740.0,9740.0,151200,False
2022-11-23,9840.0,10030.0,9660.0,9860.0,9860.0,195600,False
2022-11-24,9950.0,10050.0,9810.0,9950.0,9950.0,112900,False
2022-11-27,9950.0,10270.0,9930.0,9970.0,9970.0,131600,False
2022-11-28,9840.0,10100.0,9690.0,10080.0,10080.0,167100,False
2022-11-29,9910.0,10330.0,9890.0,10270.0,10270.0,394800,False
2022-11-30,10660.0,11140.0,10580.0,11000.0,11000.0,452100,False
2022-12-01,11280.0,11390.0,10780.0,10880.0,10880.0,255800,False
2022-12-04,11000.0,11000.0,10610.0,10770.0,10770.0,98200,False
2022-12-05,10500.0,10500.0,10010.0,10110.0,10110.0,246500,False
2022-12-06,9850.0,10010.0,9730.0,9920.0,9920.0,199000,False
2022-12-07,10070.0,10230.0,9890.0,10130.0,10130.0,184900,False
2022-12-08,10200.0,10350.0,10060.0,10340.0,10340.0,143600,False
2022-12-11,10080.0,10290.0,10010.0,10260.0,10260.0,144700,False
2022-12-12,10410.0,10780.0,10400.0,10700.0,10700.0,247100,False
2022-12-13,10710.0,11030.0,10620.0,10910.0,10910.0,372800,False
2022-12-14,10370.0,10410.0,9620.0,9730.0,9730.0,1647600,False
2022-12-15,9590.0,10150.0,9570.0,10100.0,10100.0,608600,False
2022-12-18,9800.0,9900.0,9460.0,9490.0,9490.0,458300,False
2022-12-19,9400.0,9510.0,8900.0,9060.0,9060.0,505600,False
2022-12-20,8930.0,9050.0,8500.0,8860.0,8860.0,494000,False
2022-12-21,8960.0,9080.0,8710.0,8990.0,8990.0,235900,False
2022-12-22,8390.0,8670.0,8310.0,8520.0,8520.0,514200,False
2022-12-25,8410.0,8480.0,8310.0,8470.0,8470.0,158200,False
2022-12-26,8550.0,8890.0,8500.0,8810.0,8810.0,180600,False
2022-12-27,8700.0,8820.0,8500.0,8790.0,8790.0,180500,False
2022-12-28,8700.0,8840.0,8650.0,8700.0,8700.0,155700,False
2022-12-29,8890.0,9030.0,8720.0,8720.0,8720.0,165100,False
2023-01-03,8700.0,8720.0,8520.0,8520.0,8520.0,115300,False
2023-01-04,8480.0,8830.0,8460.0,8750.0,8750.0,159500,False
2023-01-05,8740.0,8740.0,8510.0,8730.0,8730.0,135500,False
2023-01-09,8780.0,8800.0,8500.0,8580.0,8580.0,194400,False
2023-01-10,8630.0,9070.0,8590.0,9010.0,9010.0,188400,False
2023-01-11,9070.0,9260.0,9050.0,9250.0,9250.0,191900,False
2023-01-12,9100.0,9220.0,8900.0,9110.0,9110.0,174500,False
2023-01-15,9110.0,9410.0,9020.0,9150.0,9150.0,190400,False
2023-01-16,9050.0,9200.0,8950.0,9000.0,9000.0,180900,False
2023-01-17,9080.0,9150.0,8770.0,8900.0,8900.0,255200,False
2023-01-18,9010.0,9350.0,8960.0,9300.0,9300.0,222800,False
2023-01-19,9340.0,9460.0,9280.0,9420.0,9420.0,141300,False
2023-01-22,9530.0,9840.0,9440.0,9830.0,9830.0,209700,False
2023-01-23,9930.0,9950.0,9660.0,9740.0,9740.0,172200,False
2023-01-24,9760.0,9940.0,9660.0,9850.0,9850.0,123200,False
2023-01-25,9810.0,9860.0,9630.0,9720.0,9720.0,100700,False
2023-01-26,9700.0,9700.0,9460.0,9480.0,9480.0,117900,False
2023-01-29,9460.0,9520.0,9330.0,9430.0,9430.0,65400,False
2023-01-30,9350.0,9380.0,9180.0,9320.0,9320.0,121900,False
2023-01-31,9400.0,9560.0,9290.0,9330.0,9330.0,75300,False
2023-02-01,9440.0,9680.0,9380.0,9440.0,9440.0,165400,False
2023-02-02,9480.0,9770.0,9400.0,9690.0,9690.0,119100,False
2023-02-05,9740.0,9750.0,9340.0,9360.0,9360.0,138600,False
2023-02-06,9430.0,9490.0,9260.0,9480.0,9480.0,93700,False
2023-02-07,9420.0,9800.0,9310.0,9800.0,9800.0,151500,False
2023-02-08,9700.0,9730.0,9520.0,9710.0,9710.0,116100,False
2023-02-09,9610.0,9720.0,9490.0,9560.0,9560.0,91100,False
2023-02-12,9460.0,9460.0,9120.0,9120.0,9120.0,188400,False
2023-02-13,9230.0,9300.0,9070.0,9150.0,9150.0,96100,False
2023-02-14,9240.0,9240.0,8950.0,8960.0,8960.0,100200,False
2023-02-15,9170.0,9220.0,8930.0,9010.0,9010.0,122300,False
2023-02-16,8970.0,9080.0,8880.0,8940.0,8940.0,98900,False
2023-02-19,8990.0,9130.0,8850.0,9070.0,9070.0,60700,False
2023-02-20,9180.0,9230.0,8920.0,8920.0,8920.0,68000,False
2023-02-21,8790.0,8940.0,8680.0,8930.0,8930.0,127700,False
2023-02-23,8900.0,9000.0,8800.0,9000.0,9000.0,82900,False
2023-02-26,8920.0,9070.0,8750.0,8810.0,8810.0,81500,False
2023-02-27,8880.0,9180.0,8840.0,9130.0,9130.0,136900,False
2023-02-28,9160.0,9450.0,9110.0,9410.0,9410.0,131800,False
2023-03-01,9400.0,9400.0,9130.0,9300.0,9300.0,99300,False
2023-03-02,9320.0,9450.0,9300.0,9360.0,9360.0,78100,False
2023-03-05,9380.0,9410.0,9190.0,9240.0,9240.0,84500,False
2023-03-06,9200.0,9310.0,9130.0,9180.0,9180.0,90200,False
2023-03-07,9030.0,9230.0,8920.0,9170.0,9170.0,103200,False
2023-03-08,9300.0,9330.0,9050.0,9300.0,9300.0,146800,False
2023-03-09,9240.0,9240.0,8870.0,8990.0,8990.0,229200,False
2023-03-12,8950.0,9350.0,8870.0,9230.0,9230.0,199000,False
2023-03-13,9140.0,9160.0,8890.0,8950.0,8950.0,173500,False
2023-03-14,9050.0,9080.0,8890.0,8950.0,8950.0,162600,False
2023-03-15,8810.0,8970.0,8660.0,8950.0,8950.0,231800,False
2023-03-16,7750.0,8060.0,7560.0,7990.0,7990.0,1274200,False
2023-03-19,7750.0,7780.0,7270.0,7360.0,7360.0,1163200,False
2023-03-21,7490.0,7620.0,7360.0,7530.0,7530.0,501600,False
2023-03-22,7590.0,7950.0,7450.0,7900.0,7900.0,395500,False
2023-03-23,8050.0,8060.0,7680.0,7830.0,7830.0,432000,False
2023-03-26,7930.0,8020.0,7830.0,7920.0,7920.0,192400,False
2023-03-27,7850.0,7860.0,7670.0,7780.0,7780.0,188000,False
2023-03-28,7800.0,7800.0,7550.0,7660.0,7660.0,276700,False
2023-03-29,7670.0,7670.0,7330.0,7370.0,7370.0,348400,False
2023-03-30,7460.0,7470.0,7250.0,7400.0,7400.0,427000,False
2023-04-02,7480.0,7790.0,7460.0,7650.0,7650.0,375300,False
2023-04-03,7550.0,7570.0,7360.0,7380.0,7380.0,321700,False
2023-04-04,7230.0,7310.0,7080.0,7130.0,7130.0,407900,False
2023-04-05,7050.0,7170.0,6960.0,7060.0,7060.0,355300,False
2023-04-06,7040.0,7080.0,6740.0,6820.0,6820.0,371900,False
2023-04-09,6790.0,6880.0,6660.0,6700.0,6700.0,319200,False
2023-04-10,6800.0,6830.0,6650.0,6670.0,6670.0,348600,False
2023-04-11,6470.0,6650.0,6410.0,6620.0,6620.0,571700,False
2023-04-12,6720.0,6980.0,6590.0,6970.0,6970.0,453300,False
2023-04-13,7170.0,7170.0,6860.0,6900.0,6900.0,383400,False
2023-04-16,6860.0,7070.0,6820.0,6900.0,6900.0,273100,False
2023-04-17,7000.0,7260.0,6970.0,7190.0,7190.0,565100,False
2023-04-18,7210.0,7260.0,7180.0,7210.0,7210.0,368700,False
2023-04-19,7260.0,7550.0,7240.0,7460.0,7460.0,591800,False
2023-04-20,7400.0,7400.0,7090.0,7230.0,7230.0,456900,False
2023-04-23,7230.0,7330.0,7160.0,7190.0,7190.0,218800,False
2023-04-24,7280.0,7290.0,7120.0,7210.0,7210.0,182100,False
2023-04-25,7060.0,7110.0,7000.0,7050.0,7050.0,354500,False
2023-04-26,7000.0,7130.0,7000.0,7120.0,7120.0,145500,False
2023-04-27,7140.0,7170.0,7040.0,7100.0,7100.0,234500,False
2023-04-30,7190.0,7210.0,6900.0,6930.0,6930.0,194200,False
2023-05-01,6920.0,6940.0,6840.0,6930.0,6930.0,99500,False
2023-05-07,6910.0,6910.0,6750.0,6810.0,6810.0,180100,False
2023-05-08,6800.0,6920.0,6800.0,6840.0,6840.0,166300,False
2023-05-09,6900.0,6920.0,6860.0,6900.0,6900.0,79500,False
2023-05-10,6970.0,7060.0,6920.0,6960.0,6960.0,103600,False
2023-05-11,6960.0,6970.0,6790.0,6810.0,6810.0,101600,False
2023-05-14,6910.0,7030.0,6870.0,6970.0,6970.0,189600,False
2023-05-15,7070.0,7100.0,6920.0,6980.0,6980.0,162100,False
2023-05-16,7050.0,7120.0,6940.0,7030.0,7030.0,177900,False
2023-05-17,7020.0,7250.0,6930.0,7130.0,7130.0,245000,False
2023-05-18,7180.0,7180.0,7030.0,7140.0,7140.0,164200,False
2023-05-21,7260.0,7270.0,7110.0,7220.0,7220.0,153000,False
2023-05-22,7350.0,7390.0,7130.0,7130.0,7130.0,247200,False
2023-05-23,7150.0,7150.0,6860.0,6860.0,6860.0,312000,False
2023-05-24,6960.0,6970.0,6840.0,6850.0,6850.0,170000,False
2023-05-25,6800.0,6810.0,6590.0,6600.0,6600.0,290000,False
2023-05-28,6700.0,6730.0,6570.0,6650.0,6650.0,197800,False
2023-05-29,6750.0,6810.0,6670.0,6810.0,6810.0,157500,False
2023-05-30,6950.0,7240.0,6820.0,7140.0,7140.0,828200,False
2023-05-31,7280.0,7280.0,7090.0,7200.0,7200.0,374000,False
2023-06-01,7200.0,7600.0,7170.0,7560.0,7560.0,458600,False
2023-06-04,7800.0,7920.0,7580.0,7920.0,7920.0,584300,False
2023-06-05,7890.0,8050.0,7820.0,7980.0,7980.0,599200,False
2023-06-06,8010.0,8010.0,7630.0,7740.0,7740.0,501400,False
2023-06-07,7590.0,7680.0,7330.0,7390.0,7390.0,402100,False
2023-06-08,7380.0,7590.0,7330.0,7390.0,7390.0,335600,False
2023-06-11,7500.0,7910.0,7500.0,7790.0,7790.0,535700,False
2023-06-12,7940.0,8020.0,7740.0,7850.0,7850.0,752000,False
2023-06-13,8100.0,8540.0,7730.0,8320.0,8320.0,1783200,False
2023-06-14,8300.0,8360.0,8050.0,8100.0,8100.0,619900,False
2023-06-15,8200.0,8650.0,8190.0,8530.0,8530.0,883200,False
2023-06-18,8680.0,8740.0,8430.0,8580.0,8580.0,622100,False
2023-06-19,8700.0,8700.0,8420.0,8540.0,8540.0,432000,False
2023-06-20,8660.0,9270.0,8620.0,9020.0,9020.0,925000,False
2023-06-21,8880.0,9240.0,8810.0,8860.0,8860.0,583900,False
2023-06-22,8780.0,8890.0,8170.0,8270.0,8270.0,807200,False
2023-06-25,7980.0,8230.0,7900.0,7980.0,7980.0,562800,False
2023-06-26,7750.0,7800.0,7560.0,7740.0,7740.0,591700,False
2023-06-27,7940.0,7950.0,7710.0,7850.0,7850.0,384100,False
2023-06-28,7850.0,7910.0,7720.0,7820.0,7820.0,321400,False
2023-06-29,7730.0,7950.0,7620.0,7940.0,7940.0,300200,False
2023-07-02,7960.0,8060.0,7890.0,7970.0,7970.0,312800,False
2023-07-03,7970.0,7970.0,7740.0,7970.0,7970.0,272000,False
2023-07-04,7930.0,7930.0,7800.0,7900.0,7900.0,179500,False
2023-07-05,7750.0,7790.0,7570.0,7610.0,7610.0,295700,False
2023-07-06,7450.0,7680.0,7430.0,7590.0,7590.0,218100,False
2023-07-09,7510.0,7690.0,7490.0,7560.0,7560.0,241700,False
2023-07-10,7770.0,7790.0,7630.0,7680.0,7680.0,248900,False
2023-07-11,7700.0,7710.0,7430.0,7460.0,7460.0,263100,False
2023-07-12,7550.0,7680.0,7470.0,7680.0,7680.0,256600,False
2023-07-13,7750.0,7970.0,7720.0,7900.0,7900.0,340900,False
2023-07-17,8010.0,8120.0,7910.0,8020.0,8020.0,295600,False
2023-07-18,8100.0,8180.0,8020.0,8140.0,8140.0,284400,False
2023-07-19,8100.0,8100.0,7740.0,7800.0,7800.0,387600,False
2023-07-20,7540.0,7660.0,7480.0,7610.0,7610.0,292800,False
2023-07-23,7610.0,7810.0,7610.0,7750.0,7750.0,130600,False
2023-07-24,7730.0,7740.0,7580.0,7640.0,7640.0,160700,False
2023-07-25,7620.0,7880.0,7620.0,7820.0,7820.0,205700,False
2023-07-26,7780.0,7930.0,7780.0,7860.0,7860.0,143200,False
2023-07-27,7710.0,7720.0,7430.0,7640.0,7640.0,464800,False
2023-07-30,7740.0,7900.0,7690.0,7810.0,7810.0,275400,False
2023-07-31,7810.0,7870.0,7690.0,7830.0,7830.0,200100,False
2023-08-01,7720.0,7760.0,7620.0,7760.0,7760.0,170300,False
2023-08-02,7560.0,7700.0,7560.0,7610.0,7610.0,190900,False
2023-08-03,7570.0,7680.0,7400.0,7410.0,7410.0,306900,False
2023-08-06,7220.0,7270.0,7100.0,7210.0,7210.0,311900,False
2023-08-07,7060.0,7160.0,6980.0,7050.0,7050.0,281300,False
2023-08-08,6980.0,7170.0,6920.0,7130.0,7130.0,301600,False
2023-08-09,7030.0,7190.0,6980.0,7140.0,7140.0,220100,False
2023-08-13,7180.0,7190.0,7030.0,7030.0,7030.0,164600,False
2023-08-14,7130.0,7130.0,6890.0,7000.0,7000.0,318300,False
2023-08-15,6850.0,6870.0,6710.0,6770.0,6770.0,343900,False
2023-08-16,6710.0,6780.0,6640.0,6720.0,6720.0,344900,False
2023-08-17,6500.0,6620.0,6430.0,6540.0,6540.0,550900,False
2023-08-20,6540.0,6870.0,6520.0,6850.0,6850.0,335500,False
2023-08-21,6940.0,7060.0,6760.0,6780.0,6780.0,253800,False
2023-08-22,6800.0,7040.0,6790.0,7020.0,7020.0,262900,False
2023-08-23,7100.0,7180.0,7010.0,7090.0,7090.0,325100,False
2023-08-24,7070.0,7400.0,7060.0,7310.0,7310.0,511600,False
2023-08-27,7370.0,7520.0,7270.0,7440.0,7440.0,349500,False
2023-08-28,7430.0,7670.0,7430.0,7650.0,7650.0,293300,False
2023-08-29,7800.0,7850.0,7530.0,7620.0,7620.0,313200,False
2023-08-30,7620.0,7670.0,7590.0,7660.0,7660.0,171100,False
2023-08-31,7670.0,7670.0,7550.0,7650.0,7650.0,156000,False
2023-09-03,7640.0,7650.0,7500.0,7540.0,7540.0,167600,False
2023-09-04,7500.0,7710.0,7450.0,7630.0,7630.0,208600,False
2023-09-05,7480.0,7610.0,7460.0,7570.0,7570.0,237900,False
2023-09-06,7420.0,7510.0,7370.0,7480.0,7480.0,290000,False
2023-09-07,7360.0,7440.0,7360.0,7410.0,7410.0,206000,False
2023-09-10,7360.0,7460.0,7280.0,7310.0,7310.0,250100,False
2023-09-11,7380.0,7380.0,7240.0,7250.0,7250.0,138900,False
2023-09-12,7200.0,7280.0,7130.0,7170.0,7170.0,236900,False
2023-09-13,7220.0,7330.0,7180.0,7320.0,7320.0,397700,False
2023-09-14,7900.0,7970.0,7590.0,7700.0,7700.0,1411800,False
2023-09-18,7610.0,7910.0,7590.0,7630.0,7630.0,402700,False
2023-09-19,7740.0,8020.0,7670.0,7920.0,7920.0,528000,False
2023-09-20,7830.0,7890.0,7730.0,7740.0,7740.0,319300,False
2023-09-21,7710.0,8020.0,7670.0,8000.0,8000.0,450300,False
2023-09-24,7930.0,7950.0,7610.0,7610.0,7610.0,460200,False
2023-09-25,7650.0,7690.0,7340.0,7360.0,7360.0,240300,False
2023-09-26,7300.0,7590.0,7220.0,7560.0,7560.0,281200,False
2023-09-27,7600.0,7600.0,7360.0,7360.0,7360.0,275500,False
2023-09-28,7550.0,7630.0,7460.0,7540.0,7540.0,230400,False
2023-10-01,7470.0,7630.0,7350.0,7360.0,7360.0,264300,False
2023-10-02,7320.0,7410.0,7240.0,7250.0,7250.0,263800,False
2023-10-03,7250.0,7370.0,7150.0,7150.0,7150.0,226600,False
2023-10-04,7170.0,7490.0,7160.0,7430.0,7430.0,233200,False
2023-10-05,7460.0,7500.0,7360.0,7460.0,7460.0,186400,False
2023-10-09,7520.0,7530.0,7430.0,7480.0,7480.0,135300,False
2023-10-10,7430.0,7460.0,7240.0,7240.0,7240.0,158100,False
2023-10-11,7240.0,7360.0,7200.0,7360.0,7360.0,110900,False
2023-10-12,7210.0,7220.0,6930.0,6930.0,6930.0,297400,False
2023-10-15,6900.0,6970.0,6700.0,6770.0,6770.0,295900,False
2023-10-16,6840.0,7020.0,6790.0,6830.0,6830.0,244900,False
2023-10-17,6830.0,7120.0,6800.0,7110.0,7110.0,238300,False
2023-10-18,6900.0,7010.0,6870.0,6870.0,6870.0,274700,False
2023-10-19,6840.0,6880.0,6650.0,6820.0,6820.0,232800,False
2023-10-22,6790.0,6810.0,6630.0,6660.0,6660.0,267900,False
2023-10-23,6670.0,6950.0,6530.0,6950.0,6950.0,276500,False
2023-10-24,6990.0,7060.0,6750.0,6790.0,6790.0,200000,False
2023-10-25,6650.0,6830.0,6630.0,6810.0,6810.0,149500,False
2023-10-26,6840.0,6970.0,6780.0,6940.0,6940.0,183000,False
2023-10-29,6930.0,7050.0,6910.0,7020.0,7020.0,163500,False
2023-10-30,6940.0,7400.0,6920.0,7330.0,7330.0,417000,False
2023-10-31,7350.0,7370.0,7150.0,7220.0,7220.0,182900,False
2023-11-01,7320.0,7520.0,7230.0,7520.0,7520.0,312500,False
2023-11-05,7650.0,8130.0,7620.0,8080.0,8080.0,716600,False
2023-11-06,7990.0,8060.0,7920.0,7930.0,7930.0,303300,False
2023-11-07,8150.0,8290.0,7940.0,7980.0,7980.0,319000,False
2023-11-08,7980.0,8100.0,7920.0,8010.0,8010.0,174200,False
2023-11-09,7830.0,7930.0,7800.0,7880.0,7880.0,126800,False
2023-11-12,8000.0,8000.0,7760.0,7830.0,7830.0,131900,False
2023-11-13,7830.0,7870.0,7580.0,7700.0,7700.0,194000,False
2023-11-14,8150.0,8240.0,8000.0,8130.0,8130.0,344000,False
2023-11-15,8010.0,8120.0,7960.0,8010.0,8010.0,197900,False
2023-11-16,8040.0,8210.0,8030.0,8190.0,8190.0,262400,False
2023-11-19,8230.0,8370.0,8130.0,8330.0,8330.0,208000,False
2023-11-20,8400.0,8430.0,8320.0,8430.0,8430.0,183200,False
2023-11-21,8330.0,8330.0,8200.0,8270.0,8270.0,148400,False
2023-11-23,8190.0,8230.0,8080.0,8110.0,8110.0,183000,False
2023-11-26,8010.0,8110.0,7910.0,7980.0,7980.0,201600,False
2023-11-27,7990.0,7990.0,7850.0,7970.0,7970.0,178400,False
2023-11-28,7990.0,8240.0,7970.0,8140.0,8140.0,226200,False
2023-11-29,8140.0,8180.0,7880.0,7970.0,7970.0,305500,False
2023-11-30,7970.0,7980.0,7820.0,7820.0,7820.0,164100,False
2023-12-03,7910.0,7980.0,7860.0,7920.0,7920.0,201600,False
2023-12-04,7870.0,7970.0,7740.0,7740.0,7740.0,134400,False
2023-12-05,7800.0,7880.0,7740.0,7820.0,7820.0,138300,False
2023-12-06,7780.0,7810.0,7610.0,7620.0,7620.0,160200,False
2023-12-07,7770.0,7990.0,7680.0,7730.0,7730.0,489900,False
2023-12-10,7950.0,8110.0,7810.0,8040.0,8040.0,535800,False
2023-12-11,8140.0,8150.0,7880.0,7950.0,7950.0,362300,False
2023-12-12,8010.0,8090.0,7920.0,8080.0,8080.0,358400,False
2023-12-13,8200.0,8200.0,7960.0,8040.0,8040.0,451600,False
2023-12-14,8340.0,8980.0,8180.0,8780.0,8780.0,1680800,False
2023-12-17,8930.0,9140.0,8480.0,8670.0,8670.0,569300,False
2023-12-18,8810.0,8870.0,8580.0,8760.0,8760.0,321000,False
2023-12-19,8860.0,9080.0,8820.0,8930.0,8930.0,485700,False
2023-12-20,8900.0,8920.0,8800.0,8850.0,8850.0,228100,False
2023-12-21,8860.0,9050.0,8840.0,8850.0,8850.0,322500,False
2023-12-24,8850.0,8920.0,8750.0,8810.0,8810.0,177100,False
2023-12-25,8770.0,8830.0,8610.0,8700.0,8700.0,199000,False
2023-12-26,8720.0,9040.0,8720.0,9040.0,9040.0,264900,False
2023-12-27,8980.0,9100.0,8870.0,9100.0,9100.0,221500,False
2023-12-28,9020.0,9090.0,8940.0,8980.0,8980.0,182400,False
2024-01-03,8800.0,8820.0,8660.0,8780.0,8780.0,291400,False
2024-01-04,8680.0,8770.0,8540.0,8540.0,8540.0,265000,False
2024-01-08,8600.0,8710.0,8510.0,8620.0,8620.0,293000,False
2024-01-09,8620.0,8910.0,8540.0,8860.0,8860.0,237100,False
2024-01-10,8880.0,9190.0,8880.0,9170.0,9170.0,299900,False
2024-01-11,9270.0,9560.0,9270.0,9520.0,9520.0,603900,False
2024-01-14,9450.0,9480.0,9350.0,9400.0,9400.0,55600,False
2024-01-15,9450.0,10100.0,9350.0,9790.0,9790.0,362700,False
2024-01-16,9810.0,9950.0,9550.0,9560.0,9560.0,480800,False
2024-01-17,9610.0,9610.0,9470.0,9530.0,9530.0,300700,False
2024-01-18,9530.0,9770.0,9510.0,9650.0,9650.0,264700,False
2024-01-21,9760.0,9770.0,9460.0,9460.0,9460.0,340900,False
2024-01-22,9610.0,9820.0,9570.0,9580.0,9580.0,388000,False
2024-01-23,9570.0,9730.0,9510.0,9610.0,9610.0,228900,False
2024-01-24,9500.0,9680.0,9400.0,9670.0,9670.0,286200,False
2024-01-25,9590.0,9760.0,9470.0,9530.0,9530.0,235500,False
2024-01-28,9650.0,9660.0,9530.0,9590.0,9590.0,149800,False
2024-01-29,9660.0,9710.0,9440.0,9550.0,9550.0,2152600,False
2024-01-30,9400.0,9430.0,9090.0,9320.0,9320.0,453600,False
2024-01-31,9170.0,9220.0,9040.0,9100.0,9100.0,323200,False
2024-02-01,9110.0,9200.0,9040.0,9120.0,9120.0,233300,False
2024-02-04,9060.0,9430.0,9060.0,9390.0,9390.0,206200,False
2024-02-05,9300.0,9360.0,9230.0,9260.0,9260.0,161000,False
2024-02-06,9170.0,9250.0,9040.0,9180.0,9180.0,133600,False
2024-02-07,9200.0,9370.0,9120.0,9340.0,9340.0,166300,False
2024-02-08,9340.0,9420.0,9320.0,9370.0,9370.0,121800,False
2024-02-12,9370.0,9520.0,9310.0,9400.0,9400.0,168800,False
2024-02-13,9310.0,9580.0,9250.0,9550.0,9550.0,169700,False
2024-02-14,9580.0,9580.0,9160.0,9290.0,9290.0,317900,False
2024-02-15,9360.0,9480.0,9090.0,9410.0,9410.0,285700,False
2024-02-18,9460.0,9570.0,9360.0,9440.0,9440.0,135500,False
2024-02-19,9410.0,9430.0,9300.0,9370.0,9370.0,117900,False
2024-02-20,9290.0,9310.0,9030.0,9220.0,9220.0,251300,False
2024-02-21,9260.0,9260.0,9020.0,9140.0,9140.0,227900,False
2024-02-25,9030.0,9180.0,8920.0,8960.0,8960.0,296700,False
2024-02-26,8950.0,9070.0,8920.0,8980.0,8980.0,238400,False
2024-02-27,8990.0,9130.0,8960.0,8960.0,8960.0,219800,False
2024-02-28,8900.0,8920.0,8570.0,8570.0,8570.0,334700,False
2024-02-29,8630.0,8740.0,8580.0,8660.0,8660.0,272000,False
2024-03-03,8730.0,8780.0,8540.0,8540.0,8540.0,193900,False
2024-03-04,8390.0,8420.0,8280.0,8390.0,8390.0,296200,False
2024-03-05,8250.0,8510.0,8230.0,8380.0,8380.0,195000,False
2024-03-06,8490.0,8620.0,8300.0,8380.0,8380.0,341700,False
2024-03-07,8300.0,8600.0,8300.0,8550.0,8550.0,307600,False
2024-03-10,8400.0,9000.0,8380.0,8990.0,8990.0,428600,False
2024-03-11,8990.0,9390.0,8940.0,9350.0,9350.0,461200,False
2024-03-12,9440.0,9520.0,9270.0,9360.0,9360.0,402300,False
2024-03-13,9210.0,9420.0,9050.0,9190.0,9190.0,512400,False
2024-03-14,8590.0,8940.0,8280.0,8860.0,8860.0,1387600,False
2024-03-17,8710.0,9190.0,8600.0,8900.0,8900.0,552800,False
2024-03-18,8800.0,9370.0,8650.0,9300.0,9300.0,550000,False
2024-03-20,9400.0,9580.0,9240.0,9370.0,9370.0,469600,False
2024-03-21,9480.0,9590.0,9320.0,9490.0,9490.0,334400,False
2024-03-24,9500.0,9690.0,9450.0,9530.0,9530.0,445000,False
2024-03-25,9470.0,9750.0,9470.0,9640.0,9640.0,400200,False
2024-03-26,9690.0,9920.0,9620.0,9890.0,9890.0,315500,False
2024-03-27,9990.0,10160.0,9570.0,9680.0,9680.0,422800,False
2024-03-28,9580.0,9600.0,9070.0,9130.0,9130.0,296500,False
2024-03-31,9200.0,9410.0,9130.0,9130.0,9130.0,232400,False
2024-04-01,9040.0,9050.0,8690.0,8830.0,8830.0,295000,False
2024-04-02,8760.0,8920.0,8560.0,8790.0,8790.0,404800,False
2024-04-03,8870.0,8890.0,8620.0,8800.0,8800.0,299400,False
2024-04-04,8560.0,8570.0,8290.0,8290.0,8290.0,360500,False
2024-04-07,8290.0,8450.0,8280.0,8410.0,8410.0,321300,False
2024-04-08,8430.0,8490.0,8320.0,8340.0,8340.0,219000,False
2024-04-09,8340.0,8490.0,8270.0,8390.0,8390.0,269000,False
2024-04-10,8200.0,8220.0,7930.0,8040.0,8040.0,417100,False
2024-04-11,8040.0,8140.0,8010.0,8090.0,8090.0,262400,False
2024-04-14,7970.0,8170.0,7970.0,8050.0,8050.0,225900,False
2024-04-15,7850.0,7890.0,7700.0,7810.0,7810.0,343600,False
2024-04-16,7760.0,8140.0,7650.0,7980.0,7980.0,516600,False
2024-04-17,7950.0,8170.0,7910.0,8090.0,8090.0,254300,False
2024-04-18,8060.0,8100.0,7940.0,7970.0,7970.0,294200,False
2024-04-21,7990.0,8180.0,7990.0,8180.0,8180.0,215300,False
2024-04-22,8250.0,8270.0,7940.0,7980.0,7980.0,293800,False
2024-04-23,8100.0,8240.0,7980.0,8080.0,8080.0,210400,False
2024-04-24,7960.0,8010.0,7690.0,7720.0,7720.0,299600,False
2024-04-25,7580.0,7680.0,7280.0,7320.0,7320.0,1315900,False
2024-04-29,7520.0,7550.0,7210.0,7290.0,7290.0,382500,False
2024-04-30,7300.0,7440.0,7270.0,7360.0,7360.0,226400,False
2024-05-01,7280.0,7400.0,7230.0,7230.0,7230.0,234100,False
2024-05-06,7260.0,7930.0,7260.0,7870.0,7870.0,561100,False
2024-05-07,7860.0,7970.0,7760.0,7790.0,7790.0,218400,False
2024-05-08,7800.0,8000.0,7670.0,7900.0,7900.0,252600,False
2024-05-09,7920.0,7980.0,7850.0,7880.0,7880.0,178900,False
2024-05-12,7850.0,7890.0,7730.0,7870.0,7870.0,127100,False
2024-05-13,7870.0,7960.0,7810.0,7870.0,7870.0,178700,False
2024-05-14,7960.0,8070.0,7880.0,7940.0,7940.0,187900,False
2024-05-15,8000.0,8070.0,7910.0,7940.0,7940.0,127900,False
2024-05-16,7840.0,8130.0,7820.0,7970.0,7970.0,271500,False
2024-05-19,7880.0,7930.0,7750.0,7930.0,7930.0,186000,False
2024-05-20,7940.0,8030.0,7810.0,7840.0,7840.0,201500,False
2024-05-21,7700.0,7720.0,7570.0,7630.0,7630.0,258100,False
2024-05-22,7690.0,7700.0,7490.0,7520.0,7520.0,192700,False
2024-05-23,7530.0,7790.0,7460.0,7640.0,7640.0,220400,False
2024-05-26,7570.0,7630.0,7500.0,7590.0,7590.0,128000,False
2024-05-27,7740.0,7750.0,7570.0,7570.0,7570.0,179700,False
2024-05-28,7540.0,7560.0,7350.0,7370.0,7370.0,193100,False
2024-05-29,7230.0,7550.0,7220.0,7460.0,7460.0,211500,False
2024-05-30,7500.0,7550.0,7420.0,7500.0,7500.0,279600,False
2024-06-02,7770.0,7860.0,7600.0,7820.0,7820.0,340700,False
2024-06-03,7840.0,7960.0,7790.0,7940.0,7940.0,228200,False
2024-06-04,7930.0,7950.0,7770.0,7820.0,7820.0,135700,False
2024-06-05,7880.0,7950.0,7730.0,7750.0,7750.0,203000,False
2024-06-06,7720.0,7930.0,7720.0,7910.0,7910.0,153000,False
2024-06-09,7920.0,8070.0,7880.0,7910.0,7910.0,259700,False
2024-06-10,7910.0,8070.0,7810.0,7970.0,7970.0,208000,False
2024-06-11,7680.0,7760.0,7560.0,7720.0,7720.0,372300,False
2024-06-12,7740.0,8010.0,7720.0,7930.0,7930.0,540900,False
2024-06-13,7140.0,7300.0,6820.0,6910.0,6910.0,2327100,False
2024-06-16,6770.0,7150.0,6550.0,7150.0,7150.0,998700,False
2024-06-17,7040.0,7180.0,6870.0,7050.0,7050.0,461100,False
2024-06-18,6920.0,7070.0,6840.0,6960.0,6960.0,478100,False
2024-06-19,6920.0,7070.0,6870.0,6960.0,6960.0,225900,False
2024-06-20,7040.0,7170.0,6950.0,6990.0,6990.0,409600,False
2024-06-23,6940.0,6970.0,6760.0,6910.0,6910.0,338100,False
2024-06-24,6920.0,7180.0,6920.0,7100.0,7100.0,166100,False
2024-06-25,7100.0,7200.0,6990.0,7080.0,7080.0,175800,False
2024-06-26,7110.0,7160.0,7000.0,7080.0,7080.0,228500,False
2024-06-27,7190.0,7280.0,7130.0,7180.0,7180.0,237400,False
2024-06-30,7250.0,7280.0,7030.0,7130.0,7130.0,221600,False
2024-07-01,7080.0,7130.0,6980.0,7080.0,7080.0,256300,False
2024-07-02,7260.0,7600.0,7220.0,7550.0,7550.0,464500,False
2024-07-03,7660.0,8050.0,7660.0,7960.0,7960.0,476100,False
2024-07-04,7960.0,8020.0,7880.0,7940.0,7940.0,230500,False
2024-07-07,7910.0,8020.0,7850.0,7980.0,7980.0,200900,False
2024-07-08,7900.0,8030.0,7770.0,7810.0,7810.0,266800,False
2024-07-09,7770.0,7800.0,7600.0,7730.0,7730.0,302500,False
2024-07-10,7800.0,7810.0,7610.0,7620.0,7620.0,368300,False
2024-07-11,7760.0,7930.0,7710.0,7800.0,7800.0,367100,False
2024-07-15,7860.0,7920.0,7670.0,7680.0,7680.0,204600,False
2024-07-16,7780.0,7930.0,7720.0,7840.0,7840.0,220400,False
2024-07-17,7930.0,8160.0,7800.0,7990.0,7990.0,297900,False
2024-07-18,7890.0,8020.0,7740.0,7800.0,7800.0,245800,False
2024-07-21,7880.0,7910.0,7700.0,7720.0,7720.0,163300,False
2024-07-22,7700.0,7860.0,7690.0,7790.0,7790.0,103100,False
2024-07-23,7690.0,7770.0,7610.0,7630.0,7630.0,167000,False
2024-07-24,7500.0,7520.0,7330.0,7510.0,7510.0,228700,False
2024-07-25,7660.0,7740.0,7600.0,7650.0,7650.0,190400,False
2024-07-28,7700.0,7810.0,7650.0,7770.0,7770.0,131800,False
2024-07-29,7830.0,7910.0,7750.0,7850.0,7850.0,139900,False
2024-07-30,7830.0,7880.0,7700.0,7880.0,7880.0,169100,False
2024-07-31,7850.0,7850.0,7630.0,7660.0,7660.0,169300,False
2024-08-01,7400.0,7570.0,7340.0,7460.0,7460.0,251300,False
2024-08-04,7020.0,7260.0,6740.0,6780.0,6780.0,340100,False
2024-08-05,6880.0,7340.0,6880.0,7220.0,7220.0,386200,False
2024-08-06,7070.0,7400.0,7070.0,7260.0,7260.0,263200,False
2024-08-07,7560.0,7950.0,7300.0,7780.0,7780.0,329100,False
2024-08-08,7950.0,8330.0,7760.0,8320.0,8320.0,371400,False
2024-08-12,8120.0,8240.0,7950.0,8180.0,8180.0,264100,False
2024-08-13,8170.0,8310.0,8010.0,8300.0,8300.0,228300,False
2024-08-14,8350.0,8380.0,8100.0,8250.0,8250.0,176200,False
2024-08-15,8390.0,8550.0,8330.0,8550.0,8550.0,202300,False
2024-08-18,8400.0,8470.0,8280.0,8300.0,8300.0,178300,False
2024-08-19,8450.0,8780.0,8400.0,8740.0,8740.0,204300,False
2024-08-20,8800.0,8840.0,8500.0,8500.0,8500.0,242400,False
2024-08-21,8400.0,8720.0,8370.0,8680.0,8680.0,243100,False
2024-08-22,8620.0,8670.0,8540.0,8610.0,8610.0,171400,False
2024-08-25,8610.0,8850.0,8500.0,8820.0,8820.0,251000,False
2024-08-26,8840.0,8920.0,8750.0,8890.0,8890.0,167300,False
2024-08-27,8920.0,8940.0,8760.0,8890.0,8890.0,203400,False
2024-08-28,8960.0,9020.0,8830.0,8940.0,8940.0,345200,False
2024-08-29,9000.0,9030.0,8830.0,8920.0,8920.0,212300,False
2024-09-01,9050.0,9070.0,8870.0,8950.0,8950.0,213600,False
2024-09-02,9000.0,9330.0,8960.0,9330.0,9330.0,262500,False
2024-09-03,9110.0,9320.0,9080.0,9190.0,9190.0,186500,False
2024-09-04,9170.0,9380.0,9160.0,9220.0,9220.0,195800,False
2024-09-05,9220.0,9230.0,9070.0,9090.0,9090.0,242800,False
2024-09-08,8890.0,9200.0,8880.0,9170.0,9170.0,285300,False
2024-09-09,9250.0,9270.0,9130.0,9230.0,9230.0,232700,False
2024-09-10,9250.0,9300.0,8900.0,8970.0,8970.0,292400,False
2024-09-11,9000.0,9210.0,8980.0,9160.0,9160.0,306000,False
2024-09-12,8110.0,8660.0,7800.0,8640.0,8640.0,1650300,False
2024-09-16,8510.0,8640.0,8370.0,8480.0,8480.0,537400,False
2024-09-17,8440.0,8550.0,8140.0,8300.0,8300.0,519800,False
2024-09-18,8390.0,8650.0,8340.0,8430.0,8430.0,298200,False
2024-09-19,8520.0,8730.0,8450.0,8510.0,8510.0,1174300,False
2024-09-23,8460.0,8550.0,8290.0,8490.0,8490.0,261400,False
2024-09-24,8530.0,8550.0,8400.0,8410.0,8410.0,158700,False
2024-09-25,8400.0,8690.0,8400.0,8690.0,8690.0,276800,False
2024-09-26,8550.0,8740.0,8280.0,8290.0,8290.0,318000,False
2024-09-29,8080.0,8170.0,7870.0,7930.0,7930.0,333100,False
2024-09-30,7960.0,8040.0,7900.0,8010.0,8010.0,192500,False
2024-10-01,8030.0,8070.0,7870.0,7950.0,7950.0,251800,False
2024-10-02,8040.0,8110.0,7920.0,8060.0,8060.0,150600,False
2024-10-03,8200.0,8280.0,8080.0,8120.0,8120.0,204100,False
2024-10-06,8170.0,8190.0,7960.0,8050.0,8050.0,207700,False
2024-10-07,7990.0,7990.0,7860.0,7860.0,7860.0,214900,False
2024-10-08,7940.0,8080.0,7910.0,8070.0,8070.0,170500,False
2024-10-09,8150.0,8150.0,7970.0,8020.0,8020.0,150700,False
2024-10-10,8020.0,8280.0,7990.0,8260.0,8260.0,140400,False
2024-10-14,8360.0,8360.0,8180.0,8300.0,8300.0,195300,False
2024-10-15,8220.0,8280.0,8000.0,8050.0,8050.0,205400,False
2024-10-16,8070.0,8130.0,7960.0,8100.0,8100.0,148900,False
2024-10-17,8150.0,8250.0,7950.0,7980.0,7980.0,115500,False
2024-10-20,7950.0,8130.0,7930.0,8080.0,8080.0,101700,False
2024-10-21,8080.0,8110.0,7680.0,7730.0,7730.0,286700,False
2024-10-22,7660.0,7740.0,7600.0,7710.0,7710.0,157600,False
2024-10-23,7560.0,7690.0,7560.0,7680.0,7680.0,142500,False
2024-10-24,7700.0,7710.0,7580.0,7600.0,7600.0,124800,False
2024-10-27,7600.0,7860.0,7580.0,7830.0,7830.0,117600,False
2024-10-28,7830.0,8160.0,7810.0,8160.0,8160.0,148600,False
2024-10-29,8170.0,8220.0,8040.0,8160.0,8160.0,244600,False
2024-10-30,8160.0,8270.0,8093.0,8233.0,8233.0,187100,False
2024-10-31,8100.0,8214.0,8012.0,8078.0,8078.0,153300,False
2024-11-04,8080.0,8140.0,8001.0,8033.0,8033.0,133300,False
2024-11-05,8175.0,8293.0,8093.0,8179.0,8179.0,122800,False
2024-11-06,8250.0,8255.0,8109.0,8176.0,8176.0,145800,False
2024-11-07,8232.0,8391.0,8212.0,8252.0,8252.0,131200,False
2024-11-10,8349.0,8350.0,8216.0,8261.0,8261.0,80800,False
2024-11-11,8321.0,8393.0,8156.0,8199.0,8199.0,112800,False
2024-11-12,8180.0,8241.0,8154.0,8200.0,8200.0,74500,False
2024-11-13,8287.0,8287.0,8135.0,8150.0,8150.0,112900,False
2024-11-14,8090.0,8170.0,8030.0,8068.0,8068.0,186000,False
2024-11-17,7925.0,7951.0,7480.0,7566.0,7566.0,282300,False
2024-11-18,7617.0,7742.0,7593.0,7622.0,7622.0,115300,False
2024-11-19,7601.0,7887.0,7601.0,7874.0,7874.0,172800,False
2024-11-20,7782.0,7980.0,7782.0,7943.0,7943.0,187000,False
2024-11-21,8060.0,8119.0,7962.0,7983.0,7983.0,142500,False
2024-11-24,7983.0,8034.0,7840.0,7842.0,7842.0,179900,False
2024-11-25,7751.0,7867.0,7720.0,7842.0,7842.0,171600,False
2024-11-26,7947.0,7947.0,7720.0,7819.0,7819.0,82400,False
2024-11-27,7898.0,7980.0,7865.0,7878.0,7878.0,141000,False
2024-11-28,7915.0,7951.0,7865.0,7885.0,7885.0,140600,False
2024-12-01,7872.0,7929.0,7795.0,7884.0,7884.0,106600,False
2024-12-02,7950.0,8065.0,7885.0,8019.0,8019.0,152300,False
2024-12-03,8049.0,8129.0,8000.0,8047.0,8047.0,141800,False
2024-12-04,8047.0,8094.0,8020.0,8044.0,8044.0,82200,False
2024-12-05,8079.0,8299.0,8030.0,8240.0,8240.0,214100,False
2024-12-08,8320.0,8684.0,8313.0,8552.0,8552.0,334200,False
2024-12-09,8559.0,8575.0,8455.0,8501.0,8501.0,166400,False
2024-12-10,8501.0,8587.0,8455.0,8535.0,8535.0,196300,False
2024-12-11,8566.0,8634.0,8369.0,8378.0,8378.0,329900,False
2024-12-12,8500.0,8726.0,8276.0,8388.0,8388.0,356700,False
2024-12-15,8390.0,8648.0,8253.0,8304.0,8304.0,148300,False
2024-12-16,8304.0,8455.0,8086.0,8385.0,8385.0,163200,False
2024-12-17,8349.0,8411.0,8263.0,8333.0,8333.0,155800,False
2024-12-18,8229.0,8382.0,8195.0,8313.0,8313.0,149000,False
2024-12-19,8163.0,8249.0,7855.0,8030.0,8030.0,581300,False
2024-12-22,8200.0,8398.0,8123.0,8320.0,8320.0,274300,False
2024-12-23,8200.0,8250.0,8069.0,8134.0,8134.0,240400,False
2024-12-24,8135.0,8135.0,7824.0,7926.0,7926.0,148100,False
2024-12-25,7998.0,8129.0,7965.0,8043.0,8043.0,186700,False
2024-12-26,8000.0,8065.0,7987.0,8032.0,8032.0,133100,False
2024-12-29,8020.0,8120.0,7963.0,8017.0,8017.0,118800,False
2025-01-05,8167.0,8185.0,7716.0,7718.0,7718.0,211500,False
2025-01-06,7793.0,7838.0,7745.0,7769.0,7769.0,159200,False
2025-01-07,7745.0,7850.0,7640.0,7678.0,7678.0,172000,False
2025-01-08,7691.0,7880.0,7570.0,7880.0,7880.0,264000,False
2025-01-09,7777.0,8080.0,7720.0,8028.0,8028.0,206600,False
2025-01-13,7971.0,8070.0,7713.0,7785.0,7785.0,265600,False
2025-01-14,7815.0,7853.0,7567.0,7606.0,7606.0,168000,False
2025-01-15,7700.0,7756.0,7514.0,7540.0,7540.0,213700,False
2025-01-16,7640.0,7640.0,7364.0,7479.0,7479.0,198500,False
2025-01-19,7480.0,7515.0,7439.0,7494.0,7494.0,165900,False
2025-01-20,7511.0,7538.0,7370.0,7441.0,7441.0,195700,False
2025-01-21,7480.0,7480.0,7277.0,7436.0,7436.0,227600,False
2025-01-22,7456.0,7495.0,7336.0,7458.0,7458.0,199400,False
2025-01-23,7709.0,7818.0,7602.0,7736.0,7736.0,342200,False
2025-01-26,7760.0,7800.0,7675.0,7681.0,7681.0,202600,False
2025-01-27,7616.0,7786.0,7561.0,7766.0,7766.0,179200,False
2025-01-28,7810.0,7913.0,7785.0,7876.0,7876.0,243700,False
2025-01-29,7726.0,7824.0,7690.0,7821.0,7821.0,149600,False
2025-01-30,7949.0,7950.0,7739.0,7739.0,7739.0,102200,False
2025-02-02,7548.0,7615.0,7430.0,7436.0,7436.0,154300,False
2025-02-03,7500.0,7549.0,7318.0,7318.0,7318.0,180200,False
2025-02-04,7351.0,7389.0,7250.0,7341.0,7341.0,90100,False
2025-02-05,7345.0,7452.0,7314.0,7415.0,7415.0,120700,False
2025-02-06,7400.0,7416.0,7341.0,7365.0,7365.0,71000,False
2025-02-09,7340.0,7464.0,7335.0,7421.0,7421.0,81000,False
2025-02-11,7470.0,7560.0,7370.0,7424.0,7424.0,291100,False
2025-02-12,7441.0,8065.0,7434.0,7837.0,7837.0,709200,False
2025-02-13,7715.0,7776.0,7504.0,7530.0,7530.0,359100,False
2025-02-16,7530.0,7584.0,7408.0,7408.0,7408.0,138800,False
2025-02-17,7407.0,7626.0,7377.0,7568.0,7568.0,107600,False
2025-02-18,7568.0,7720.0,7507.0,7559.0,7559.0,148100,False
2025-02-19,7501.0,7712.0,7474.0,7497.0,7497.0,219300,False
2025-02-20,7527.0,7564.0,7270.0,7281.0,7281.0,283600,False
2025-02-24,7280.0,7488.0,7254.0,7310.0,7310.0,237400,False
2025-02-25,7311.0,7353.0,7225.0,7312.0,7312.0,187600,False
2025-02-26,7398.0,7405.0,7250.0,7329.0,7329.0,156900,False
2025-02-27,7250.0,7276.0,7045.0,7109.0,7109.0,216100,False
2025-03-02,7122.0,7209.0,7055.0,7209.0,7209.0,207200,False
2025-03-03,7200.0,7200.0,7001.0,7104.0,7104.0,162700,False
2025-03-04,7067.0,7105.0,7025.0,7045.0,7045.0,124000,False
2025-03-05,7122.0,7150.0,7043.0,7097.0,7097.0,123300,False
2025-03-06,7010.0,7118.0,6960.0,6960.0,6960.0,213600,False
2025-03-09,7060.0,7184.0,6969.0,7146.0,7146.0,327600,False
2025-03-10,7085.0,7100.0,6892.0,6926.0,6926.0,377700,False
2025-03-11,6900.0,7053.0,6808.0,6869.0,6869.0,349500,False
2025-03-12,6925.0,6946.0,6772.0,6809.0,6809.0,436000,False
2025-03-13,7285.0,7809.0,7285.0,7808.0,7808.0,2536100,False
2025-03-16,7808.0,7905.0,7620.0,7764.0,7764.0,805500,False
2025-03-17,7700.0,8050.0,7650.0,7926.0,7926.0,651500,False
2025-03-18,8076.0,8119.0,7861.0,7882.0,7882.0,565600,False
2025-03-20,7882.0,7979.0,7771.0,7800.0,7800.0,205700,False
2025-03-23,7793.0,7884.0,7783.0,7783.0,7783.0,137600,False
2025-03-24,7890.0,7918.0,7673.0,7793.0,7793.0,207000,False
2025-03-25,7803.0,7845.0,7746.0,7767.0,7767.0,124800,False
2025-03-26,7767.0,7938.0,7767.0,7912.0,7912.0,173600,False
2025-03-27,7905.0,7973.0,7744.0,7780.0,7780.0,132800,False
2025-03-30,7780.0,7786.0,7502.0,7545.0,7545.0,175700,False
2025-03-31,7450.0,7499.0,7326.0,7357.0,7357.0,189900,False
2025-04-01,7435.0,7489.0,7346.0,7425.0,7425.0,208400,False
2025-04-02,7400.0,7430.0,7270.0,7385.0,7385.0,252700,False
2025-04-03,7385.0,7648.0,7315.0,7609.0,7609.0,359500,False
2025-04-06,7229.0,7312.0,6875.0,6875.0,6875.0,501500,False
2025-04-07,6975.0,7050.0,6875.0,6941.0,6941.0,409900,False
2025-04-08,6841.0,6889.0,6666.0,6750.0,6750.0,284600,False
2025-04-09,7150.0,7185.0,6971.0,7130.0,7130.0,283700,False
2025-04-10,7160.0,7403.0,7006.0,7378.0,7378.0,240100,False
2025-04-13,7423.0,7708.0,7381.0,7641.0,7641.0,202100,False
2025-04-14,7750.0,7854.0,7710.0,7816.0,7816.0,194500,False
2025-04-15,7770.0,7981.0,7729.0,7941.0,7941.0,233700,False
2025-04-16,7850.0,8160.0,7816.0,8150.0,8150.0,244700,False
2025-04-17,8071.0,8220.0,8017.0,8130.0,8130.0,186200,False
2025-04-20,8126.0,8319.0,8126.0,8200.0,8200.0,170200,False
2025-04-21,8290.0,8350.0,8213.0,8290.0,8290.0,195600,False
2025-04-22,8430.0,8467.0,8333.0,8432.0,8432.0,214200,False
2025-04-23,8432.0,8448.0,8297.0,8334.0,8334.0,147700,False
2025-04-24,8423.0,8488.0,8367.0,8421.0,8421.0,149500,False
2025-04-27,8470.0,8664.0,8458.0,8554.0,8554.0,232500,False
2025-04-29,8620.0,8700.0,8576.0,8648.0,8648.0,216800,False
2025-04-30,8555.0,8670.0,8516.0,8643.0,8643.0,124900,False
2025-05-01,8584.0,8745.0,8572.0,8707.0,8707.0,139700,False
2025-05-06,8694.0,8722.0,8631.0,8643.0,8643.0,221300,False
2025-05-07,8717.0,8869.0,8692.0,8795.0,8795.0,170100,False
2025-05-08,8775.0,8901.0,8744.0,8863.0,8863.0,141200,False
2025-05-11,8910.0,8930.0,8783.0,8869.0,8869.0,151100,False
2025-05-12,8984.0,9100.0,8894.0,9017.0,9017.0,279500,False
2025-05-13,9048.0,9176.0,9043.0,9078.0,9078.0,171900,False
2025-05-14,8985.0,9215.0,8973.0,9140.0,9140.0,172900,False
2025-05-15,9140.0,9209.0,9108.0,9108.0,9108.0,125500,False
2025-05-18,9100.0,9186.0,9067.0,9127.0,9127.0,150900,False
2025-05-19,9177.0,9177.0,8968.0,9020.0,9020.0,194200,False
2025-05-20,9045.0,9057.0,8873.0,8924.0,8924.0,184400,False
2025-05-21,8790.0,8997.0,8788.0,8925.0,8925.0,156000,False
2025-05-22,8925.0,9016.0,8873.0,8978.0,8978.0,132300,False
2025-05-25,9000.0,9210.0,8965.0,9158.0,9158.0,159700,False
2025-05-26,9158.0,9232.0,9158.0,9205.0,9205.0,118200,False
2025-05-27,9205.0,9205.0,9066.0,9095.0,9095.0,102200,False
2025-05-28,9142.0,9145.0,9015.0,9092.0,9092.0,131700,False
2025-05-29,9020.0,9118.0,9007.0,9058.0,9058.0,114600,False
2025-06-01,9023.0,9142.0,9013.0,9112.0,9112.0,91800,False
2025-06-02,9141.0,9191.0,9026.0,9030.0,9030.0,91600,False
2025-06-03,9030.0,9099.0,9012.0,9060.0,9060.0,110300,False
2025-06-04,9006.0,9148.0,9006.0,9115.0,9115.0,113000,False
2025-06-05,9144.0,9220.0,9114.0,9132.0,9132.0,106600,False
2025-06-08,9200.0,9320.0,9185.0,9318.0,9318.0,171500,False
2025-06-09,9360.0,9443.0,9222.0,9262.0,9262.0,153400,False
2025-06-10,9372.0,9474.0,9284.0,9324.0,9324.0,124500,False
2025-06-11,9324.0,9443.0,9263.0,9348.0,9348.0,201600,False
2025-06-12,10100.0,10850.0,10100.0,10850.0,10850.0,1239700,False
2025-06-15,10890.0,10960.0,10405.0,10580.0,10580.0,580200,False
2025-06-16,10460.0,10545.0,10310.0,10405.0,10405.0,364700,False
2025-06-17,11065.0,11105.0,10530.0,10765.0,10765.0,480800,False
2025-06-18,10580.0,10775.0,10530.0,10680.0,10680.0,240400,False
2025-06-19,10600.0,10680.0,10360.0,10440.0,10440.0,341000,False
2025-06-22,10500.0,10690.0,10420.0,10690.0,10690.0,316500,False
2025-06-23,10845.0,10915.0,10630.0,10865.0,10865.0,169700,False
2025-06-24,10735.0,10870.0,10670.0,10800.0,10800.0,199200,False
2025-06-25,10790.0,11040.0,10785.0,10935.0,10935.0,339500,False
2025-06-26,10935.0,10990.0,10725.0,10830.0,10830.0,206300,False
2025-06-29,10950.0,11260.0,10935.0,11110.0,11110.0,263300,False
2025-06-30,11055.0,11165.0,11020.0,11090.0,11090.0,129700,False
2025-07-01,11000.0,11095.0,10720.0,10745.0,10745.0,158700,False
2025-07-02,10745.0,10800.0,10590.0,10665.0,10665.0,160900,False
2025-07-03,10610.0,10680.0,10565.0,10645.0,10645.0,181900,False
2025-07-06,10800.0,10885.0,10760.0,10885.0,10885.0,127400,False
2025-07-07,10815.0,10925.0,10730.0,10890.0,10890.0,113100,False
2025-07-08,10860.0,10980.0,10745.0,10940.0,10940.0,109900,False
2025-07-09,10795.0,10950.0,10765.0,10905.0,10905.0,135200,False
2025-07-10,10980.0,11065.0,10815.0,10890.0,10890.0,146600,False
2025-07-13,10765.0,10875.0,10735.0,10810.0,10810.0,112100,False
2025-07-14,10910.0,10915.0,10710.0,10745.0,10745.0,96100,False
2025-07-15,10775.0,10910.0,10700.0,10850.0,10850.0,92600,False
2025-07-16,10850.0,10970.0,10850.0,10895.0,10895.0,105000,False
2025-07-17,11465.0,11470.0,10955.0,11060.0,11060.0,188000,False
2025-07-21,10985.0,11090.0,10905.0,11000.0,11000.0,124000,False
2025-07-22,10920.0,11030.0,10835.0,10960.0,10960.0,150400,False
2025-07-23,11040.0,11175.0,10925.0,11080.0,11080.0,140300,False
2025-07-24,11170.0,11380.0,11100.0,11265.0,11265.0,133400,False
2025-07-27,11385.0,11410.0,11210.0,11210.0,11210.0,129200,False
2025-07-28,11225.0,11645.0,11215.0,11600.0,11600.0,184000,False
2025-07-29,11490.0,11610.0,11360.0,11480.0,11480.0,196500,False
2025-07-30,11590.0,11990.0,11545.0,11875.0,11875.0,265800,False
2025-07-31,11890.0,12185.0,11890.0,12145.0,12145.0,207500,False
2025-08-03,11965.0,12270.0,11930.0,12230.0,12230.0,182800,False
2025-08-04,12365.0,12460.0,12030.0,12040.0,12040.0,246300,False
2025-08-05,11910.0,12070.0,11705.0,11775.0,11775.0,234400,False
2025-08-06,11820.0,12080.0,11725.0,12030.0,12030.0,218000,False
2025-08-07,12055.0,12065.0,11905.0,11995.0,11995.0,102900,False
2025-08-11,11925.0,12065.0,11740.0,12055.0,12055.0,156200,False
2025-08-12,11925.0,12115.0,11870.0,11975.0,11975.0,167700,False
2025-08-13,11900.0,11900.0,11765.0,11825.0,11825.0,150200,False
2025-08-14,11700.0,11805.0,11540.0,11805.0,11805.0,185500,False
2025-08-17,11875.0,12300.0,11855.0,12155.0,12155.0,179100,False
2025-08-18,12270.0,12270.0,12090.0,12185.0,12185.0,121600,False
2025-08-19,12095.0,12235.0,11985.0,12190.0,12190.0,130500,False
2025-08-20,12265.0,12375.0,12165.0,12310.0,12310.0,124400,False
2025-08-21,12240.0,12240.0,11990.0,12015.0,12015.0,154000,False
2025-08-24,12015.0,12230.0,11980.0,12190.0,12190.0,122000,False
2025-08-25,12025.0,12175.0,12020.0,12095.0,12095.0,85000,False
2025-08-26,12030.0,12055.0,11810.0,11940.0,11940.0,99600,False
2025-08-27,11940.0,11940.0,11670.0,11740.0,11740.0,109600,False
2025-08-28,11740.0,11845.0,11570.0,11750.0,11750.0,134800,False
2025-08-31,11665.0,11875.0,11620.0,11725.0,11725.0,76300,False
2025-09-01,11530.0,11690.0,11090.0,11140.0,11140.0,235500,False
2025-09-02,11140.0,11165.0,11060.0,11150.0,11150.0,175600,False
2025-09-03,11145.0,11175.0,10960.0,11020.0,11020.0,135800,False
2025-09-04,10950.0,11115.0,10860.0,11055.0,11055.0,146700,False
2025-09-07,11175.0,11320.0,11125.0,11320.0,11320.0,194900,False
2025-09-08,11415.0,11620.0,11355.0,11540.0,11540.0,179100,False
2025-09-09,11620.0,11720.0,11450.0,11455.0,11455.0,176900,False
2025-09-10,11530.0,11600.0,11345.0,11425.0,11425.0,147800,False
2025-09-11,11175.0,11730.0,10950.0,11640.0,11640.0,696000,False
2025-09-15,12000.0,12150.0,11630.0,11810.0,11810.0,475000,False
2025-09-16,11640.0,11980.0,11640.0,11915.0,11915.0,182500,False
2025-09-17,11850.0,11990.0,11680.0,11875.0,11875.0,131100,False
2025-09-18,11805.0,12065.0,11760.0,11985.0,11985.0,633900,False
2025-09-21,12100.0,12130.0,11640.0,11755.0,11755.0,145500,False
2025-09-23,11610.0,11625.0,11240.0,11325.0,11325.0,246900,False
2025-09-24,11440.0,11795.0,11370.0,11660.0,11660.0,238100,False
2025-09-25,11515.0,11725.0,11515.0,11615.0,11615.0,106500,False
2025-09-28,11415.0,11495.0,11025.0,11025.0,11025.0,171500,False
2025-09-29,11155.0,11410.0,11090.0,11310.0,11310.0,172400,False
2025-09-30,11010.0,11150.0,10760.0,11130.0,11130.0,195600,False
2025-10-01,11165.0,11250.0,10805.0,10810.0,10810.0,127400,False
2025-10-02,10810.0,10905.0,10700.0,10720.0,10720.0,91500,False
2025-10-05,11020.0,11365.0,10905.0,11285.0,11285.0,232300,False
2025-10-06,11260.0,11285.0,10550.0,10640.0,10640.0,371400,False
2025-10-07,10725.0,10805.0,10665.0,10745.0,10745.0,120600,False
2025-10-08,10750.0,10875.0,10705.0,10760.0,10760.0,122400,False
2025-10-09,10675.0,10830.0,10645.0,10770.0,10770.0,112900,False
2025-10-13,10505.0,10630.0,10400.0,10440.0,10440.0,126000,False
2025-10-14,10450.0,10570.0,10425.0,10460.0,10460.0,117900,False
2025-10-15,10450.0,10495.0,9990.0,10095.0,10095.0,191700,False
2025-10-16,10125.0,10345.0,10110.0,10255.0,10255.0,131900,False
2025-10-19,10420.0,10460.0,10255.0,10265.0,10265.0,115700,False
2025-10-20,10270.0,10460.0,10145.0,10370.0,10370.0,101600,False
2025-10-21,10410.0,10495.0,10290.0,10325.0,10325.0,80600,False
2025-10-22,10400.0,10470.0,10305.0,10385.0,10385.0,139000,False
2025-10-23,10385.0,10475.0,10300.0,10340.0,10340.0,105500,False
2025-10-26,10400.0,10720.0,10400.0,10560.0,10560.0,115700,False
2025-10-27,10495.0,10550.0,10365.0,10445.0,10445.0,115300,False
2025-10-28,10440.0,10440.0,10130.0,10175.0,10175.0,146600,False
2025-10-29,10220.0,10535.0,10175.0,10480.0,10480.0,160600,False
2025-10-30,10530.0,10765.0,10465.0,10720.0,10720.0,214400,False
2025-11-03,10485.0,10515.0,10070.0,10100.0,10100.0,273300,False
2025-11-04,10130.0,10245.0,9968.0,10245.0,10245.0,125700,False
2025-11-05,10195.0,10230.0,9977.0,9984.0,9984.0,104100,False
2025-11-06,10020.0,10235.0,10020.0,10115.0,10115.0,102400,False
2025-11-09,10050.0,10070.0,9949.0,9949.0,9949.0,170200,False
2025-11-10,9949.0,9958.0,9759.0,9849.0,9849.0,212800,False
2025-11-11,9977.0,10080.0,9866.0,10080.0,10080.0,204900,False
2025-11-12,10120.0,10150.0,10045.0,10055.0,10055.0,85400,False
2025-11-13,10065.0,10190.0,10025.0,10140.0,10140.0,89900,False
2025-11-16,10190.0,10425.0,10105.0,10380.0,10380.0,149600,False
2025-11-17,10300.0,10380.0,10095.0,10160.0,10160.0,149500,False
2025-11-18,10110.0,10170.0,9941.0,9982.0,9982.0,155600,False
2025-11-19,10010.0,10125.0,9987.0,9987.0,9987.0,100000,False
2025-11-20,9993.0,10510.0,9993.0,10460.0,10460.0,133100,False
2025-11-24,10440.0,10545.0,10195.0,10230.0,10230.0,132100,False
2025-11-25,10300.0,10535.0,10215.0,10425.0,10425.0,138400,False
2025-11-26,10455.0,10540.0,10375.0,10430.0,10430.0,69400,False
2025-11-27,10450.0,10535.0,10340.0,10480.0,10480.0,118200,False
2025-11-30,10445.0,10615.0,10375.0,10385.0,10385.0,112100,False
2025-12-01,10440.0,10470.0,10140.0,10165.0,10165.0,110300,False
2025-12-02,10275.0,10320.0,10070.0,10170.0,10170.0,74300,False
2025-12-03,10235.0,10415.0,10215.0,10360.0,10360.0,99800,False
2025-12-04,10305.0,10390.0,10220.0,10295.0,10295.0,147500,False
2025-12-07,10360.0,10515.0,10290.0,10460.0,10460.0,136400,False
2025-12-08,10480.0,10560.0,10400.0,10495.0,10495.0,149800,False
2025-12-09,10480.0,10490.0,10200.0,10315.0,10315.0,198900,False
2025-12-10,10400.0,10470.0,9967.0,9969.0,9969.0,280200,False
2025-12-11,11000.0,11230.0,10450.0,10585.0,10585.0,606600,False
2025-12-14,10580.0,10915.0,10420.0,10620.0,10620.0,288200,False
2025-12-15,10540.0,10630.0,10295.0,10295.0,10295.0,200100,False
2025-12-16,10435.0,10500.0,10285.0,10430.0,10430.0,130600,False
2025-12-17,10510.0,10745.0,10480.0,10665.0,10665.0,200200,False
2025-12-18,10800.0,10910.0,10680.0,10770.0,10770.0,223100,False
2025-12-21,10780.0,10790.0,10180.0,10235.0,10235.0,260000,False
2025-12-22,10395.0,10550.0,10295.0,10440.0,10440.0,164500,False
2025-12-23,10400.0,10540.0,10360.0,10375.0,10375.0,90200,False
2025-12-24,10425.0,10585.0,10275.0,10520.0,10520.0,63400,False
2025-12-25,10440.0,10565.0,10400.0,10535.0,10535.0,86000,False
2025-12-28,10515.0,10525.0,10215.0,10255.0,10255.0,111400,False
2025-12-29,10360.0,10375.0,10010.0,10010.0,10010.0,158600,False
2026-01-04,10010.0,10070.0,9775.0,9890.0,9890.0,176500,False
2026-01-05,9970.0,10170.0,9935.0,10100.0,10100.0,147600,False
2026-01-06,10015.0,10165.0,9973.0,10040.0,10040.0,128000,False
2026-01-07,10030.0,10345.0,9993.0,10250.0,10250.0,169300,False
2026-01-08,10300.0,10350.0,10125.0,10245.0,10245.0,106900,False
2026-01-12,10310.0,10315.0,10055.0,10160.0,10160.0,112900,False
2026-01-13,10160.0,10180.0,9940.0,9950.0,9950.0,155000,False
2026-01-14,9830.0,10070.0,9720.0,9800.0,9800.0,289400,False
2026-01-15,9739.0,9786.0,9548.0,9584.0,9584.0,220100,False
2026-01-18,9712.0,9720.0,9462.0,9480.0,9480.0,223200,False
2026-01-19,9281.0,9497.0,9278.0,9319.0,9319.0,286600,False
2026-01-20,9320.0,9348.0,9075.0,9221.0,9221.0,297600,False
2026-01-21,9208.0,9215.0,9030.0,9097.0,9097.0,246300,False
2026-01-22,9160.0,9299.0,8945.0,8977.0,8977.0,307000,False
2026-01-25,8900.0,8942.0,8565.0,8693.0,8693.0,426900,False
2026-01-26,8725.0,8765.0,8618.0,8680.0,8680.0,253900,False
2026-01-27,8761.0,8870.0,8692.0,8804.0,8804.0,284700,False
2026-01-28,8678.0,8784.0,8562.0,8610.0,8610.0,310600,False
2026-01-29,8518.0,8633.0,8442.0,8519.0,8519.0,210400,False
2026-02-01,8651.0,8786.0,8573.0,8730.0,8730.0,181600,False
2026-02-02,8727.0,8852.0,8697.0,8792.0,8792.0,208000,False
2026-02-03,8642.0,8723.0,8257.0,8277.0,8277.0,454500,False
2026-02-04,8359.0,8622.0,8287.0,8470.0,8470.0,274000,False
2026-02-05,8420.0,8489.0,8288.0,8423.0,8423.0,193800,False
2026-02-08,8423.0,8610.0,8401.0,8504.0,8504.0,179200,False
2026-02-09,8592.0,8738.0,8515.0,8682.0,8682.0,169700,False
2026-02-11,8400.0,8483.0,8255.0,8339.0,8339.0,252800,False
2026-02-12,8204.0,8311.0,7901.0,7911.0,7911.0,336500,False
2026-02-15,7893.0,7948.0,7676.0,7691.0,7691.0,357100,False
2026-02-16,7594.0,7600.0,7415.0,7490.0,7490.0,342100,False
2026-02-17,7515.0,7550.0,7360.0,7535.0,7535.0,345100,False
2026-02-18,7085.0,7132.0,6805.0,6980.0,6980.0,896200,False
2026-02-19,7040.0,7040.0,6835.0,6878.0,6878.0,563400,False
2026-02-23,6678.0,6725.0,6280.0,6347.0,6347.0,888500,False
2026-02-24,6447.0,6576.0,6402.0,6482.0,6482.0,807700,False
2026-02-25,6640.0,6975.0,6594.0,6865.0,6865.0,664600,False
2026-02-26,7215.0,7487.0,7113.0,7353.0,7353.0,914100,False
2026-03-01,7503.0,7564.0,7224.0,7336.0,7336.0,605200,False
2026-03-02,7186.0,7217.0,6866.0,6972.0,6972.0,479200,False
2026-03-03,7041.0,7199.0,6940.0,7026.0,7026.0,483600,False
2026-03-04,7080.0,7212.0,7060.0,7154.0,7154.0,459200,False
2026-03-05,7304.0,7518.0,7231.0,7464.0,7464.0,573100,False
2026-03-08,7250.0,7314.0,7113.0,7299.0,7299.0,323000,False
2026-03-09,7350.0,7449.0,7231.0,7423.0,7423.0,241700,False
2026-03-10,7421.0,7528.0,7380.0,7480.0,7480.0,193700,False
2026-03-11,7335.0,7438.0,7231.0,7337.0,7337.0,257900,False
2026-03-12,7300.0,7466.0,7262.0,7386.0,7386.0,236900,False
2026-03-15,7421.0,7615.0,7415.0,7479.0,7479.0,366000,False
2026-03-16,7330.0,7473.0,7250.0,7400.0,7400.0,298000,False
2026-03-17,7100.0,7150.0,6803.0,6834.0,6834.0,1015700,False
2026-03-18,6860.0,7125.0,6859.0,6925.0,6925.0,501000,False
2026-03-22,6952.0,7094.0,6911.0,6999.0,6999.0,458500,False
2026-03-23,7100.0,7250.0,7082.0,7232.0,7232.0,315300,False
2026-03-24,7213.0,7280.0,7153.0,7247.0,7247.0,223600,False
2026-03-25,7280.0,7322.0,7153.0,7229.0,7229.0,438300,False
2026-03-26,7264.0,7349.0,7085.0,7256.0,7256.0,303800,False
2026-03-29,7065.0,7109.0,6860.0,7000.0,7000.0,308400,False
2026-03-30,7087.0,7198.0,7043.0,7073.0,7073.0,266300,False
2026-03-31,7200.0,7349.0,7160.0,7343.0,7343.0,320900,False
2026-04-01,7232.0,7440.0,7221.0,7281.0,7281.0,256400,False
2026-04-02,7299.0,7399.0,7299.0,7377.0,7377.0,199300,False
2026-04-05,7400.0,7501.0,7350.0,7435.0,7435.0,149100,False
2026-04-06,7437.0,7565.0,7406.0,7503.0,7503.0,174700,False
2026-04-07,7620.0,7648.0,7526.0,7575.0,7575.0,219300,False
2026-04-08,7621.0,7621.0,7491.0,7519.0,7519.0,212300,False
2026-04-09,7369.0,7497.0,7232.0,7232.0,7232.0,278200,False
2026-04-12,7093.0,7230.0,7090.0,7104.0,7104.0,280000,False
2026-04-13,7404.0,7427.0,7224.0,7226.0,7226.0,273000,False
2026-04-14,7316.0,7466.0,7273.0,7436.0,7436.0,282900,False
2026-04-15,7586.0,7642.0,7500.0,7545.0,7545.0,258700,False
2026-04-16,7500.0,7600.0,7470.0,7546.0,7546.0,189500,False
2026-04-19,7484.0,7526.0,7383.0,7419.0,7419.0,223700,False
2026-04-20,7399.0,7467.0,7366.0,7439.0,7439.0,223500,False
2026-04-21,7547.0,7719.0,7500.0,7633.0,7633.0,338900,False
2026-04-22,7699.0,7711.0,7438.0,7492.0,7492.0,345100,False
2026-04-23,7430.0,7516.0,7381.0,7454.0,7454.0,254100,False
2026-04-26,7380.0,7381.0,7260.0,7291.0,7291.0,284700,False
2026-04-27,7420.0,7511.0,7293.0,7460.0,7460.0,531700,False
2026-04-29,7310.0,7504.0,7295.0,7388.0,7388.0,252100,False
2026-04-30,7294.0,7445.0,7199.0,7429.0,7429.0,280800,False
2026-05-06,7420.0,7470.0,7259.0,7450.0,7450.0,331400,False
2026-05-07,7600.0,7678.0,7453.0,7522.0,7522.0,266400,False
2026-05-10,7510.0,7531.0,7414.0,7415.0,7415.0,211700,False
2026-05-11,7419.0,7489.0,7277.0,7309.0,7309.0,192100,False
2026-05-12,7394.0,7534.0,7382.0,7502.0,7502.0,212200,False
2026-05-13,7434.0,7493.0,7307.0,7357.0,7357.0,166900,False
2026-05-14,7330.0,7449.0,7300.0,7445.0,7445.0,216400,False
2026-05-17,7640.0,7663.0,7451.0,7523.0,7523.0,194800,False
2026-05-18,7673.0,7974.0,7582.0,7950.0,7950.0,351400,False
2026-05-19,7988.0,8065.0,7721.0,7747.0,7747.0,328700,False
2026-05-20,7758.0,7872.0,7701.0,7825.0,7825.0,199600,False
2026-05-21,7825.0,7897.0,7728.0,7848.0,7848.0,184400,False
2026-05-24,7846.0,7852.0,7643.0,7720.0,7720.0,211700,False
2026-05-25,7490.0,7626.0,7409.0,7419.0,7419.0,314700,False
2026-05-26,7451.0,7622.0,7384.0,7600.0,7600.0,261200,False
2026-05-27,7600.0,7670.0,7530.0,7559.0,7559.0,300100,False
2026-05-28,7709.0,8052.0,7670.0,7850.0,7850.0,355000,False
2026-05-31,8100.0,8479.0,8081.0,8269.0,8269.0,467100,False
2026-06-01,8439.0,8497.0,8120.0,8244.0,8244.0,445000,False
2026-06-02,8002.0,8395.0,7922.0,8196.0,8196.0,324400,False
2026-06-03,7926.0,8051.0,7831.0,7842.0,7842.0,351800,False
2026-06-04,7958.0,8133.0,7929.0,7949.0,7949.0,275500,False
2026-06-07,7969.0,8006.0,7843.0,7891.0,7891.0,206900,False
2026-06-08,7978.0,8135.0,7842.0,7972.0,7972.0,256400,False
2026-06-09,8048.0,8144.0,7965.0,8011.0,8011.0,344800,False
2026-06-10,8000.0,8094.0,7910.0,8056.0,8056.0,328100,False
2026-06-11,7422.0,7489.0,7209.0,7391.0,7391.0,1092300,False
2026-06-14,7392.0,7500.0,7252.0,7284.0,7284.0,481900,False
2026-06-15,7234.0,7234.0,7030.0,7223.0,7223.0,398300,False
2026-06-16,7182.0,7326.0,7063.0,7248.0,7248.0,485100,False
2026-06-17,7300.0,7421.0,7248.0,7361.0,7361.0,417000,False
2026-06-18,7186.0,7212.0,6833.0,6914.0,6914.0,536100,False
2026-06-21,6929.0,7059.0,6832.0,6986.0,6986.0,462300,False
2026-06-22,7069.0,7139.0,6990.0,7139.0,7139.0,249700,False
2026-06-23,7234.0,7361.0,7138.0,7195.0,7195.0,249000,False
2026-06-24,7156.0,7249.0,6992.0,7058.0,7058.0,287500,False
2026-06-25,7200.0,7314.0,7105.0,7298.0,7298.0,296500,False
2026-06-28,7436.0,7819.0,7360.0,7804.0,7804.0,344100,False
2026-06-29,7699.0,7847.0,7623.0,7792.0,7792.0,277700,False
2026-06-30,7601.0,7673.0,7333.0,7350.0,7350.0,295400,False
2026-07-01,7700.0,8010.0,7640.0,7949.0,7949.0,301600,False
2026-07-02,8099.0,8124.0,7889.0,7941.0,7941.0,219800,False
2026-07-05,8109.0,8180.0,7983.0,8180.0,8180.0,198400,False
2026-07-06,8330.0,8447.0,8330.0,8386.0,8386.0,274500,False
2026-07-07,8500.0,8600.0,8256.0,8430.0,8430.0,268900,False
2026-07-08,8350.0,8384.0,8180.0,8231.0,8231.0,178300,False
2026-07-09,8190.0,8287.0,8162.0,8269.0,8269.0,125300,False
2026-07-12,8299.0,8391.0,8191.0,8295.0,8295.0,138500,False
2026-07-13,8445.0,8671.0,8433.0,8495.0,8495.0,264800,False
2026-07-14,8436.0,8438.0,8143.0,8244.0,8244.0,158400,False
2026-07-15,8325.0,8414.0,8280.0,8387.0,8387.0,127700,False
2026-07-16,8472.0,8624.0,8391.0,8482.0,8482.0,238400,False
2026-07-20,8500.0,8658.0,8500.0,8542.0,8542.0,208500,False
2026-07-21,8420.0,8481.0,8237.0,8403.0,8403.0,164700,False
2026-07-22,8191.0,8380.0,8191.0,8376.0,8376.0,110900,False
2026-07-23,8301.0,8436.0,8252.0,8387.0,8387.0,193300,False
2026-07-26,8530.0,9073.0,8530.0,9060.0,9060.0,300600,False
2026-07-27,9172.0,9180.0,8849.0,9000.0,9000.0,149200,False
2026-07-28,9150.0,9437.0,8976.0,9296.0,9296.0,331600,False
2026-07-29,9218.0,9292.0,8965.0,9000.0,9000.0,205300,False
2026-07-30,8550.0,8789.0,8500.0,8713.0,8713.0,175800,False
2026-08-02,8713.0,8766.0,8481.0,8697.0,8697.0,225700,False
2026-08-03,8898.0,8898.0,8650.0,8774.0,8774.0,248100,False
2026-08-04,8752.0,8792.0,8678.0,8695.0,8695.0,142800,False
2026-08-05,8600.0,8914.0,8589.0,8878.0,8878.0,211200,False
2026-08-06,8878.0,9179.0,8834.0,9000.0,9000.0,201300,False
2026-08-09,9100.0,9190.0,8930.0,9190.0,9190.0,237900,False
2026-08-11,9200.0,9434.0,9181.0,9228.0,9228.0,330600,False
2026-08-12,8979.0,9121.0,8823.0,9050.0,9050.0,348600,False
2026-08-13,9050.0,9405.0,9002.0,9347.0,9347.0,186400,False
2026-08-16,9197.0,9276.0,8984.0,9064.0,9064.0,223500,False
2026-08-17,8979.0,9203.0,8941.0,9081.0,9081.0,168000,False
2026-08-18,9224.0,9229.0,8987.0,9037.0,9037.0,199700,False
2026-08-19,9155.0,9337.0,9081.0,9323.0,9323.0,173000,False
2026-08-20,9285.0,9361.0,9154.0,9261.0,9261.0,149300,False
2026-08-23,9270.0,9406.0,9204.0,9285.0,9285.0,163700,False
2026-08-24,9385.0,9391.0,9238.0,9377.0,9377.0,137400,False
2026-08-25,9265.0,9351.0,9162.0,9234.0,9234.0,145500,False
2026-08-26,9196.0,9430.0,9171.0,9274.0,9274.0,174500,False
2026-08-27,9500.0,9606.0,9465.0,9574.0,9574.0,173000,False
2026-08-30,9531.0,9622.0,9481.0,9493.0,9493.0,144900,False
2026-08-31,9592.0,9628.0,9302.0,9303.0,9303.0,202200,False
2026-09-01,9228.0,9239.0,8907.0,8950.0,8950.0,246500,False
2026-09-02,8950.0,9053.0,8923.0,8946.0,8946.0,156800,False
2026-09-03,8977.0,9143.0,8977.0,9143.0,9143.0,190700,False
2026-09-06,8903.0,8993.0,8816.0,8878.0,8878.0,203900,False
2026-09-07,8878.0,8975.0,8772.0,8920.0,8920.0,143900,False
2026-09-08,8826.0,8846.0,8606.0,8649.0,8649.0,244500,False
2026-09-09,8615.0,8838.0,8580.0,8794.0,8794.0,268200,False
2026-09-10,8048.0,8366.0,7915.0,8028.0,8028.0,1145400,False
2026-09-13,8100.0,8458.0,8026.0,8389.0,8389.0,457500,False
2026-09-14,8539.0,8622.0,8370.0,8600.0,8600.0,312800,False
2026-09-15,8639.0,8659.0,8340.0,8407.0,8407.0,160000,False
2026-09-16,8500.0,8572.0,8410.0,8552.0,8552.0,211700,False
2026-09-17,8545.0,8547.0,8386.0,8504.0,8504.0,209200,False
2026-09-23,8354.0,8645.0,8314.0,8456.0,8456.0,277000,False
2026-09-24,8400.0,8600.0,8371.0,8503.0,8503.0,327400,False
2026-09-27,8600.0,8713.0,8514.0,8700.0,8700.0,275300,False
2026-09-28,8644.0,8699.0,8594.0,8661.0,8661.0,237200,False
2026-09-29,8639.0,8695.0,8564.0,8679.0,8679.0,197600,False
2026-09-30,8677.0,8822.0,8620.0,8753.0,8753.0,187000,False
2026-10-01,8677.0,9010.0,8677.0,8804.0,8804.0,231100,False
2026-10-04,8715.0,8837.0,8677.0,8739.0,8739.0,187100,True
