Date,Open,High,Low,Close,Adj_Close,Volume,Capital_Gains,Repaired?
2024-01-24,25.579999923706055,25.579999923706055,25.1200008392334,25.1299991607666,24.885509490966797,4700,0.0,False
2024-01-25,25.350000381469727,25.350000381469727,25.31999969482422,25.31999969482422,25.07366180419922,500,0.0,False
2024-01-26,25.30500030517578,25.450000762939453,25.30500030517578,25.440000534057617,25.192495346069336,400,0.0,False
2024-01-29,25.600000381469727,25.780000686645508,25.489999771118164,25.774999618530273,25.524234771728516,4200,0.0,False
2024-01-30,25.63599967956543,25.795000076293945,25.63599967956543,25.795000076293945,25.54404067993164,900,0.0,False
2024-01-31,26.010000228881836,26.010000228881836,25.648000717163086,25.648000717163086,25.39847183227539,2800,0.0,False
2024-02-01,25.950000762939453,26.350000381469727,25.950000762939453,26.339000701904297,26.082748413085938,2700,0.0,False
2024-02-02,26.309999465942383,26.39900016784668,26.18000030517578,26.325000762939453,26.068883895874023,2300,0.0,False
2024-02-05,26.209999084472656,26.209999084472656,25.899999618530273,25.961000442504883,25.708425521850586,4500,0.0,False
2024-02-06,25.93000030517578,26.054000854492188,25.93000030517578,26.01799964904785,25.76487159729004,700,0.0,False
2024-02-07,26.139999389648438,26.200000762939453,26.02199935913086,26.18000030517578,25.925296783447266,2000,0.0,False
2024-02-08,26.020999908447266,26.023000717163086,25.899999618530273,25.899999618530273,25.648019790649414,3200,0.0,False
2024-02-09,25.90999984741211,25.920000076293945,25.90999984741211,25.920000076293945,25.667823791503906,500,0.0,False
2024-02-12,25.899999618530273,26.020000457763672,25.899999618530273,25.92799949645996,25.67574691772461,1100,0.0,False
2024-02-13,25.459999084472656,25.469999313354492,25.433000564575195,25.433000564575195,25.185562133789062,1700,0.0,False
2024-02-14,25.722000122070312,25.722000122070312,25.722000122070312,25.722000122070312,25.471750259399414,100,0.0,False
2024-02-15,25.948999404907227,26.040000915527344,25.948999404907227,26.040000915527344,25.786659240722656,100,0.0,False
2024-02-16,25.9950008392334,26.09000015258789,25.930999755859375,25.930999755859375,25.6787166595459,1300,0.0,False
2024-02-20,26.1299991607666,26.1299991607666,25.875,25.875,25.623262405395508,1400,0.0,False
2024-02-21,25.92300033569336,25.92300033569336,25.92300033569336,25.92300033569336,25.670795440673828,300,0.0,False
2024-02-22,26.167999267578125,26.17300033569336,26.167999267578125,26.17300033569336,25.918363571166992,400,0.0,False
2024-02-23,26.389999389648438,26.389999389648438,26.2189998626709,26.2189998626709,25.96391487121582,1000,0.0,False
2024-02-26,26.270000457763672,26.290000915527344,26.270000457763672,26.290000915527344,26.03422737121582,600,0.0,False
2024-02-27,26.958999633789062,26.958999633789062,26.958999633789062,26.958999633789062,26.69671630859375,100,0.0,False
2024-02-28,27.711000442504883,27.711000442504883,27.711000442504883,27.711000442504883,27.4414005279541,200,0.0,False
2024-02-29,27.950000762939453,27.950000762939453,27.709999084472656,27.75,27.48002052307129,1000,0.0,False
2024-03-01,27.760000228881836,28.1299991607666,27.760000228881836,28.099000930786133,27.825626373291016,700,0.0,False
2024-03-04,28.399999618530273,28.52199935913086,28.25,28.52199935913086,28.244508743286133,1600,0.0,False
2024-03-05,28.72800064086914,29.020000457763672,28.66900062561035,28.66900062561035,28.390079498291016,5300,0.0,False
2024-03-06,29.0,29.18000030517578,28.969999313354492,28.99799919128418,28.715877532958984,5300,0.0,False
2024-03-07,29.3700008392334,29.562999725341797,29.34000015258789,29.562999725341797,29.275381088256836,1300,0.0,False
2024-03-08,29.65999984741211,29.68000030517578,29.299999237060547,29.488000869750977,29.201112747192383,14400,0.0,False
2024-03-11,29.770000457763672,29.770000457763672,29.207000732421875,29.207000732421875,28.9228458404541,1600,0.0,False
2024-03-12,29.530000686645508,29.700000762939453,29.381999969482422,29.68199920654297,29.39322280883789,2200,0.0,False
2024-03-13,30.030000686645508,30.1200008392334,29.899999618530273,29.933000564575195,29.641780853271484,4600,0.0,False
2024-03-14,29.799999237060547,29.979999542236328,29.5,29.895000457763672,29.60415267944336,2400,0.0,False
2024-03-15,30.229999542236328,30.440000534057617,30.229999542236328,30.38800048828125,30.092355728149414,1700,0.0,False
2024-03-18,30.8799991607666,31.829999923706055,30.8799991607666,31.427000045776367,31.121246337890625,17400,0.0,False
2024-03-19,30.0,30.09000015258789,29.899999618530273,30.09000015258789,29.79725456237793,1700,0.0,False
2024-03-20,30.149999618530273,30.149999618530273,29.510000228881836,29.84000015258789,29.5496883392334,4500,0.0,False
2024-03-21,30.035999298095703,30.239999771118164,29.98699951171875,29.98699951171875,29.695255279541016,5700,0.0,False
2024-03-22,29.950000762939453,30.010000228881836,29.920000076293945,29.97800064086914,29.68634605407715,4800,0.0,False
2024-03-25,30.125,30.125,30.03499984741211,30.03499984741211,29.742788314819336,300,0.0,False
2024-03-26,30.1299991607666,30.1299991607666,29.920000076293945,29.920000076293945,29.628910064697266,800,0.0,False
2024-03-27,30.565000534057617,30.856000900268555,30.565000534057617,30.856000900268555,30.555803298950195,1700,0.0,False
2024-03-28,31.100000381469727,31.100000381469727,30.72800064086914,30.90999984741211,30.609275817871094,2900,0.0,False
2024-04-01,31.139999389648438,31.260000228881836,31.045000076293945,31.229999542236328,30.926162719726562,7600,0.0,False
2024-04-02,31.1299991607666,31.358999252319336,31.1299991607666,31.358999252319336,31.053909301757812,1200,0.0,False
2024-04-03,31.344999313354492,31.8799991607666,31.344999313354492,31.8799991607666,31.569839477539062,7200,0.0,False
2024-04-04,32.31999969482422,32.31999969482422,31.514999389648438,31.514999389648438,31.208389282226562,10900,0.0,False
2024-04-05,31.799999237060547,31.959999084472656,31.799999237060547,31.858999252319336,31.549041748046875,3600,0.0,False
2024-04-08,32.12300109863281,32.20000076293945,31.899999618530273,32.09400177001953,31.78175926208496,3800,0.0,False
2024-04-09,32.369998931884766,32.38999938964844,31.604999542236328,31.711999893188477,31.403474807739258,2900,0.0,False
2024-04-10,31.2189998626709,31.549999237060547,31.2189998626709,31.475000381469727,31.168781280517578,3400,0.0,False
2024-04-11,31.40999984741211,31.920000076293945,31.40999984741211,31.84000015258789,31.530227661132812,7400,0.0,False
2024-04-12,31.915000915527344,31.915000915527344,31.336999893188477,31.336999893188477,31.032123565673828,1700,0.0,False
2024-04-15,31.415000915527344,31.415000915527344,30.829999923706055,30.908000946044922,30.607297897338867,1000,0.0,False
2024-04-16,30.649999618530273,30.691999435424805,30.410999298095703,30.691999435424805,30.393396377563477,2800,0.0,False
2024-04-17,30.829999923706055,30.829999923706055,30.579999923706055,30.670000076293945,30.371610641479492,2600,0.0,False
2024-04-18,30.85099983215332,30.93000030517578,30.56999969482422,30.631000518798828,30.332990646362305,1500,0.0,False
2024-04-19,30.600000381469727,30.700000762939453,30.5,30.511999130249023,30.21514892578125,3100,0.0,False
2024-04-22,30.510000228881836,30.716999053955078,30.5049991607666,30.716999053955078,30.418153762817383,2100,0.0,False
2024-04-23,30.81999969482422,31.277000427246094,30.81999969482422,31.277000427246094,30.972707748413086,4800,0.0,False
2024-04-24,31.229999542236328,31.229999542236328,31.225000381469727,31.225000381469727,30.921213150024414,400,0.0,False
2024-04-25,30.805999755859375,31.222000122070312,30.805999755859375,31.222000122070312,30.918241500854492,800,0.0,False
2024-04-26,31.360000610351562,31.459999084472656,31.360000610351562,31.459999084472656,31.1539249420166,700,0.0,False
2024-04-29,31.53499984741211,31.850000381469727,31.53499984741211,31.850000381469727,31.540132522583008,8300,0.0,False
2024-04-30,31.535999298095703,31.535999298095703,31.23699951171875,31.23699951171875,30.933094024658203,700,0.0,False
2024-05-01,31.270000457763672,31.43000030517578,31.253000259399414,31.253000259399414,30.94894027709961,1100,0.0,False
2024-05-02,31.600000381469727,31.695999145507812,31.540000915527344,31.695999145507812,31.38762855529785,700,0.0,False
2024-05-03,32.31999969482422,32.387001037597656,32.20000076293945,32.387001037597656,32.07190704345703,1200,0.0,False
2024-05-06,32.70000076293945,33.0,32.65999984741211,32.902000427246094,32.5818977355957,2700,0.0,False
2024-05-07,33.040000915527344,33.09000015258789,32.821998596191406,32.821998596191406,32.5026741027832,3400,0.0,False
2024-05-08,32.5099983215332,32.888999938964844,32.5099983215332,32.87900161743164,32.559120178222656,2900,0.0,False
2024-05-09,33.08000183105469,33.680999755859375,33.08000183105469,33.680999755859375,33.35331726074219,3100,0.0,False
2024-05-10,33.619998931884766,33.79999923706055,32.70899963378906,32.70899963378906,32.39077377319336,6800,0.0,False
2024-05-13,33.0,33.0,32.540000915527344,32.59000015258789,32.27293014526367,1900,0.0,False
2024-05-14,32.849998474121094,33.01900100708008,32.79999923706055,33.01900100708008,32.697757720947266,1500,0.0,False
2024-05-15,33.34000015258789,33.459999084472656,33.3380012512207,33.3380012512207,33.01365280151367,4200,0.0,False
2024-05-16,33.43000030517578,33.43000030517578,32.9900016784668,32.9900016784668,32.66904067993164,6700,0.0,False
2024-05-17,33.08000183105469,33.33000183105469,33.08000183105469,33.21200180053711,32.88888168334961,6300,0.0,False
2024-05-20,33.54999923706055,33.58000183105469,33.439998626708984,33.45199966430664,33.12654495239258,4500,0.0,False
2024-05-21,33.47999954223633,33.60499954223633,33.459999084472656,33.60499954223633,33.278053283691406,1800,0.0,False
2024-05-22,33.650001525878906,33.650001525878906,33.29999923706055,33.31999969482422,32.99583053588867,58400,0.0,False
2024-05-23,33.5,33.5,33.090999603271484,33.090999603271484,32.76905822753906,4400,0.0,False
2024-05-24,33.26499938964844,34.0099983215332,33.26499938964844,33.97600173950195,33.64544677734375,9700,0.0,False
2024-05-28,34.689998626708984,34.689998626708984,34.380001068115234,34.547000885009766,34.21089553833008,13400,0.0,False
2024-05-29,34.029998779296875,34.029998779296875,33.81999969482422,33.95600128173828,33.62564468383789,70200,0.0,False
2024-05-30,33.9900016784668,34.20000076293945,33.9900016784668,34.13999938964844,33.8078498840332,9500,0.0,False
2024-05-31,34.33000183105469,34.33000183105469,33.59000015258789,34.159000396728516,33.82666778564453,4100,0.0,False
2024-06-03,34.290000915527344,34.290000915527344,33.29999923706055,33.48400115966797,33.15823745727539,6900,0.0,False
2024-06-04,33.41999816894531,33.41999816894531,32.78499984741211,33.000999450683594,32.679935455322266,4600,0.0,False
2024-06-05,33.13999938964844,33.45000076293945,33.0,33.400001525878906,33.07505416870117,20700,0.0,False
2024-06-06,33.470001220703125,33.59000015258789,33.040000915527344,33.233001708984375,32.9096794128418,74000,0.0,False
2024-06-07,33.22999954223633,33.22999954223633,32.72999954223633,32.737998962402344,32.419490814208984,6500,0.0,False
2024-06-10,32.7400016784668,33.529998779296875,32.7400016784668,33.43299865722656,33.10772705078125,8900,0.0,False
2024-06-11,33.2599983215332,33.279998779296875,33.0099983215332,33.194000244140625,32.871055603027344,2500,0.0,False
2024-06-12,33.60499954223633,33.77000045776367,33.5,33.57500076293945,33.248348236083984,3200,0.0,False
2024-06-13,33.5,33.529998779296875,33.18000030517578,33.459999084472656,33.13446807861328,4600,0.0,False
2024-06-14,33.0099983215332,33.12900161743164,32.959999084472656,33.053001403808594,32.73143005371094,7900,0.0,False
2024-06-17,32.91899871826172,33.150001525878906,32.709999084472656,33.06999969482422,32.74826431274414,12400,0.0,False
2024-06-18,33.099998474121094,33.63999938964844,33.099998474121094,33.61800003051758,33.29092788696289,4600,0.0,False
2024-06-20,33.81999969482422,34.040000915527344,33.391998291015625,33.599998474121094,33.27310562133789,8500,0.0,False
2024-06-21,33.349998474121094,33.439998626708984,33.2760009765625,33.41600036621094,33.09089660644531,3800,0.0,False
2024-06-24,33.56999969482422,33.66400146484375,33.33000183105469,33.417999267578125,33.09287643432617,4200,0.0,False
2024-06-25,33.529998779296875,33.650001525878906,33.40999984741211,33.599998474121094,33.27310562133789,6300,0.0,False
2024-06-26,33.54999923706055,33.54999923706055,33.27000045776367,33.3390007019043,33.014644622802734,4500,0.0,False
2024-06-27,33.56999969482422,33.76499938964844,33.20000076293945,33.40399932861328,33.079010009765625,7500,0.0,False
2024-06-28,33.58000183105469,33.58000183105469,33.0,33.07400131225586,32.75222396850586,6300,0.0,False
2024-07-01,33.45000076293945,33.45000076293945,32.98500061035156,32.986000061035156,32.665077209472656,7100,0.0,False
2024-07-02,33.053001403808594,33.08000183105469,32.869998931884766,32.9900016784668,32.66904067993164,6100,0.0,False
2024-07-03,33.18000030517578,33.630001068115234,33.18000030517578,33.5629997253418,33.23646545410156,2600,0.0,False
2024-07-05,33.720001220703125,33.720001220703125,33.310001373291016,33.54999923706055,33.22359085083008,8600,0.0,False
2024-07-08,33.619998931884766,33.7400016784668,33.54999923706055,33.66600036621094,33.338462829589844,5600,0.0,False
2024-07-09,33.599998474121094,33.79999923706055,33.58000183105469,33.5989990234375,33.27211380004883,11100,0.0,False
2024-07-10,33.720001220703125,34.25199890136719,33.720001220703125,34.25199890136719,33.918758392333984,21500,0.0,False
2024-07-11,34.380001068115234,34.59000015258789,34.380001068115234,34.44200134277344,34.10691452026367,8000,0.0,False
2024-07-12,34.66999816894531,35.17900085449219,34.43000030517578,35.099998474121094,34.75851058959961,10700,0.0,False
2024-07-15,35.290000915527344,35.290000915527344,34.736000061035156,34.736000061035156,34.39805221557617,18800,0.0,False
2024-07-16,34.939998626708984,35.040000915527344,34.7599983215332,34.965999603271484,34.625816345214844,6400,0.0,False
2024-07-17,34.77000045776367,34.77000045776367,33.790000915527344,33.790000915527344,33.46125793457031,7200,0.0,False
2024-07-18,33.959999084472656,33.959999084472656,33.16699981689453,33.34299850463867,33.01860427856445,13400,0.0,False
2024-07-19,33.2400016784668,33.2400016784668,32.99700164794922,32.99800109863281,32.676963806152344,3900,0.0,False
2024-07-22,33.220001220703125,33.28499984741211,33.06999969482422,33.28499984741211,32.9611701965332,5900,0.0,False
2024-07-23,33.0,33.61000061035156,33.0,33.525001525878906,33.19883728027344,3400,0.0,False
2024-07-24,33.2599983215332,33.2599983215332,32.44499969482422,32.44499969482422,32.12934494018555,6400,0.0,False
2024-07-25,32.189998626708984,32.220001220703125,31.450000762939453,31.871999740600586,31.56191635131836,147900,0.0,False
2024-07-26,32.15999984741211,32.5,32.15999984741211,32.387001037597656,32.07190704345703,5400,0.0,False
2024-07-29,32.849998474121094,32.849998474121094,32.04999923706055,32.137001037597656,31.824338912963867,9500,0.0,False
2024-07-30,32.380001068115234,32.380001068115234,31.81100082397461,32.016998291015625,31.70550537109375,3200,0.0,False
2024-07-31,33.04999923706055,33.5,32.82400131225586,33.07500076293945,32.753211975097656,7200,0.0,False
2024-08-01,33.11399841308594,33.11399841308594,31.750999450683594,32.0099983215332,31.698572158813477,5100,0.0,False
2024-08-02,31.329999923706055,31.329999923706055,30.760000228881836,30.888999938964844,30.588481903076172,16100,0.0,False
2024-08-05,29.15999984741211,30.2450008392334,29.0,29.98699951171875,29.695255279541016,16800,0.0,False
2024-08-06,30.520000457763672,31.030000686645508,30.520000457763672,30.698999404907227,30.40032958984375,6000,0.0,False
2024-08-07,31.459999084472656,31.760000228881836,31.0,31.1299991607666,30.82713508605957,3700,0.0,False
2024-08-08,31.309999465942383,31.680999755859375,31.18000030517578,31.680999755859375,31.37277603149414,4000,0.0,False
2024-08-09,31.610000610351562,31.84000015258789,31.610000610351562,31.73900032043457,31.430212020874023,3500,0.0,False
2024-08-12,31.645000457763672,31.790000915527344,31.6200008392334,31.658000946044922,31.350000381469727,1000,0.0,False
2024-08-13,32.029998779296875,32.249000549316406,31.979999542236328,32.180999755859375,31.867910385131836,2800,0.0,False
2024-08-14,32.290000915527344,32.290000915527344,32.11600112915039,32.11600112915039,31.803544998168945,3700,0.0,False
2024-08-15,32.59000015258789,32.70000076293945,32.53099822998047,32.53099822998047,32.21450424194336,8700,0.0,False
2024-08-16,32.439998626708984,32.54999923706055,32.290000915527344,32.44499969482422,32.12934494018555,3000,0.0,False
2024-08-19,32.560001373291016,32.83000183105469,32.52000045776367,32.83000183105469,32.510597229003906,2800,0.0,False
2024-08-20,32.88999938964844,32.88999938964844,32.571998596191406,32.571998596191406,32.255104064941406,4700,0.0,False
2024-08-21,32.83000183105469,33.0,32.619998931884766,32.915000915527344,32.59477233886719,2000,0.0,False
2024-08-22,32.65999984741211,32.65999984741211,32.391998291015625,32.391998291015625,32.07685470581055,1300,0.0,False
2024-08-23,32.939998626708984,33.25,32.70000076293945,33.17399978637695,32.851253509521484,3000,0.0,False
2024-08-26,33.27000045776367,33.334999084472656,32.869998931884766,32.946998596191406,32.62645721435547,69200,0.0,False
2024-08-27,32.90999984741211,33.18000030517578,32.79999923706055,32.98500061035156,32.66408920288086,41600,0.0,False
2024-08-28,32.83000183105469,32.880001068115234,32.4900016784668,32.569000244140625,32.25213623046875,19300,0.0,False
2024-08-29,32.709999084472656,32.97999954223633,32.606998443603516,32.69599914550781,32.377899169921875,4100,0.0,False
2024-08-30,32.90999984741211,32.935001373291016,32.56999969482422,32.89799880981445,32.57793426513672,5900,0.0,False
2024-09-03,32.63999938964844,32.63999938964844,31.43000030517578,31.45199966430664,31.1460018157959,164700,0.0,False
2024-09-04,31.280000686645508,31.700000762939453,31.280000686645508,31.499000549316406,31.192546844482422,3800,0.0,False
2024-09-05,31.5,31.5,31.260000228881836,31.329999923706055,31.025190353393555,7700,0.0,False
2024-09-06,30.989999771118164,31.073999404907227,30.399999618530273,30.472999572753906,30.176528930664062,5700,0.0,False
2024-09-09,30.760000228881836,30.8799991607666,30.642000198364258,30.857999801635742,30.557781219482422,6700,0.0,False
2024-09-10,30.8700008392334,31.170000076293945,30.65999984741211,31.131000518798828,30.828126907348633,4300,0.0,False
2024-09-11,31.1299991607666,31.820999145507812,31.030000686645508,31.820999145507812,31.511411666870117,2500,0.0,False
2024-09-12,31.94499969482422,32.27299880981445,31.94499969482422,32.27299880981445,31.959016799926758,3400,0.0,False
2024-09-13,32.36000061035156,32.779998779296875,32.36000061035156,32.689998626708984,32.3719596862793,3800,0.0,False
2024-09-16,32.91999816894531,32.99399948120117,32.59000015258789,32.99399948120117,32.67300033569336,5900,0.0,False
2024-09-17,33.13999938964844,33.2599983215332,32.904998779296875,32.95600128173828,32.635372161865234,1000,0.0,False
2024-09-18,32.779998779296875,33.130001068115234,32.779998779296875,32.909000396728516,32.588829040527344,1800,0.0,False
2024-09-19,33.65999984741211,33.81999969482422,33.520999908447266,33.763999938964844,33.43551254272461,7800,0.0,False
2024-09-20,34.7599983215332,35.599998474121094,34.68000030517578,35.5629997253418,35.21700668334961,36100,0.0,False
2024-09-23,35.95000076293945,36.459999084472656,35.72999954223633,36.19200134277344,35.83988952636719,99300,0.0,False
2024-09-24,36.459999084472656,36.869998931884766,36.439998626708984,36.71900177001953,36.36176300048828,32400,0.0,False
2024-09-25,36.61000061035156,37.040000915527344,36.34000015258789,36.91999816894531,36.5608024597168,19500,0.0,False
2024-09-26,37.38999938964844,37.7400016784668,37.0,37.01100158691406,36.65092086791992,38700,0.0,False
2024-09-27,36.97999954223633,37.4900016784668,36.97999954223633,37.21099853515625,36.848976135253906,16100,0.0,False
2024-09-30,38.5,39.61000061035156,36.58000183105469,36.972999572753906,36.61328887939453,53700,0.0,False
2024-10-01,37.970001220703125,37.970001220703125,36.709999084472656,37.63800048828125,37.271820068359375,35400,0.0,False
2024-10-02,37.54999923706055,38.209999084472656,37.2400016784668,38.04100036621094,37.6708984375,33100,0.0,False
2024-10-03,38.5,38.5,38.029998779296875,38.369998931884766,37.996700286865234,32600,0.0,False
2024-10-04,38.45000076293945,39.41999816894531,38.400001525878906,39.40999984741211,39.026580810546875,62200,0.0,False
2024-10-07,40.0,40.0,38.25,38.77000045776367,38.39280700683594,44200,0.0,False
2024-10-08,38.7599983215332,38.869998931884766,38.310001373291016,38.7400016784668,38.363101959228516,11100,0.0,False
2024-10-09,38.5099983215332,38.56999969482422,37.779998779296875,38.25,37.877864837646484,15800,0.0,False
2024-10-10,37.86000061035156,37.939998626708984,37.310001373291016,37.75,37.382728576660156,26100,0.0,False
2024-10-11,37.5,38.37799835205078,37.5,38.37799835205078,38.00461959838867,8600,0.0,False
2024-10-14,38.459999084472656,39.0099983215332,38.31999969482422,38.8489990234375,38.47103500366211,23100,0.0,False
2024-10-15,39.2599983215332,39.33000183105469,38.44499969482422,39.040000915527344,38.660179138183594,39000,0.0,False
2024-10-16,39.619998931884766,42.06999969482422,39.619998931884766,42.06999969482422,41.660701751708984,196500,0.0,False
2024-10-17,43.0,43.0,41.75,42.02000045776367,41.61118698120117,209800,0.0,False
2024-10-18,41.9900016784668,43.52000045776367,41.80500030517578,43.099998474121094,42.68067932128906,160600,0.0,False
2024-10-21,43.970001220703125,43.9900016784668,42.84000015258789,43.7400016784668,43.314453125,220900,0.0,False
2024-10-22,43.689998626708984,43.689998626708984,42.0,42.86000061035156,42.44301223754883,145500,0.0,False
2024-10-23,42.209999084472656,42.95000076293945,41.119998931884766,41.77000045776367,41.363616943359375,87500,0.0,False
2024-10-24,42.04999923706055,42.18000030517578,41.369998931884766,41.68000030517578,41.27449417114258,61000,0.0,False
2024-10-25,42.36000061035156,42.68000030517578,41.69499969482422,41.779998779296875,41.37351989746094,60500,0.0,False
2024-10-28,42.75,44.13399887084961,42.31999969482422,43.959999084472656,43.532310485839844,150500,0.0,False
2024-10-29,43.59000015258789,44.060001373291016,42.72999954223633,44.0099983215332,43.581825256347656,95700,0.0,False
2024-10-30,44.5099983215332,44.5099983215332,43.33000183105469,43.45000076293945,43.027278900146484,94000,0.0,False
2024-10-31,43.34000015258789,43.45000076293945,42.29999923706055,42.93000030517578,42.512332916259766,70700,0.0,False
2024-11-01,43.540000915527344,43.93000030517578,42.599998474121094,42.86800003051758,42.4509391784668,46500,0.0,False
2024-11-04,41.72999954223633,41.880001068115234,41.06999969482422,41.380001068115234,40.9774169921875,85900,0.0,False
2024-11-05,42.0099983215332,42.29499816894531,41.733001708984375,42.209999084472656,41.79933547973633,41000,0.0,False
2024-11-06,43.41999816894531,44.27799987792969,42.571998596191406,44.0,43.57192611694336,80200,0.0,False
2024-11-07,43.970001220703125,45.400001525878906,43.5099983215332,44.933998107910156,44.49683380126953,96400,0.0,False
2024-11-08,44.9900016784668,45.744998931884766,44.310001373291016,45.02000045776367,44.582000732421875,71900,0.0,False
2024-11-11,45.72999954223633,45.72999954223633,44.09000015258789,45.0,44.56219482421875,110800,0.0,False
2024-11-12,44.58000183105469,45.099998474121094,43.27000045776367,44.060001373291016,43.63134002685547,135500,0.0,False
2024-11-13,45.11000061035156,45.11000061035156,43.75,43.90999984741211,43.4827995300293,171100,0.0,False
2024-11-14,44.540000915527344,44.63999938964844,43.59000015258789,43.72999954223633,43.3045539855957,66700,0.0,False
2024-11-15,43.2400016784668,43.33000183105469,42.354000091552734,42.36000061035156,41.94788360595703,82500,0.0,False
2024-11-18,43.349998474121094,44.5,42.70000076293945,44.5,44.06705856323242,155700,0.0,False
2024-11-19,43.91999816894531,44.689998626708984,43.27000045776367,44.5,44.06705856323242,132700,0.0,False
2024-11-20,44.7599983215332,45.25,43.83000183105469,44.5099983215332,44.076961517333984,87600,0.0,False
2024-11-21,45.0,46.744998931884766,44.20000076293945,46.5099983215332,46.05750274658203,120400,0.0,False
2024-11-22,46.72999954223633,46.97999954223633,46.040000915527344,46.93000030517578,46.473419189453125,131100,0.0,False
2024-11-25,47.5099983215332,47.94900131225586,45.233001708984375,45.709999084472656,45.26528549194336,139900,0.0,False
2024-11-26,45.79999923706055,46.79999923706055,45.36000061035156,45.61800003051758,45.1741828918457,87700,0.0,False
2024-11-27,46.04999923706055,46.15999984741211,44.979000091552734,45.5099983215332,45.067230224609375,67900,0.0,False
2024-11-29,45.77000045776367,47.0,45.5099983215332,46.619998931884766,46.16643524169922,66800,0.0,False
2024-12-02,47.459999084472656,47.459999084472656,45.70000076293945,45.79999923706055,45.35441207885742,140900,0.0,False
2024-12-03,45.849998474121094,46.13999938964844,44.8120002746582,45.45000076293945,45.007816314697266,94100,0.0,False
2024-12-04,45.54999923706055,45.61399841308594,44.79999923706055,45.02000045776367,44.582000732421875,78600,0.0,False
2024-12-05,45.11000061035156,45.529998779296875,44.61000061035156,45.369998931884766,44.92859649658203,96200,0.0,False
2024-12-06,45.43000030517578,46.16999816894531,44.72200012207031,45.40999984741211,44.96820831298828,99400,0.0,False
2024-12-09,45.20000076293945,45.45000076293945,43.5,43.5099983215332,43.086692810058594,154000,0.0,False
2024-12-10,43.52000045776367,43.619998931884766,42.5099983215332,42.79999923706055,42.38359832763672,69100,0.0,False
2024-12-11,43.400001525878906,43.7599983215332,42.810001373291016,43.68000030517578,43.255035400390625,72600,0.0,False
2024-12-12,43.83000183105469,43.84000015258789,42.75699996948242,42.970001220703125,42.551944732666016,63400,0.0,False
2024-12-13,42.939998626708984,43.02899932861328,42.36000061035156,42.5,42.086517333984375,57500,0.0,False
2024-12-16,42.47999954223633,42.8650016784668,41.79999923706055,42.779998779296875,42.363792419433594,96700,0.0,False
2024-12-17,42.59000015258789,42.59000015258789,41.369998931884766,42.16999816894531,41.759727478027344,115200,0.0,False
2024-12-18,42.72999954223633,43.02000045776367,40.4010009765625,40.77000045776367,40.37335205078125,63800,0.0,False
2024-12-19,41.380001068115234,41.5989990234375,40.599998474121094,41.310001373291016,40.90809631347656,50200,0.0,False
2024-12-20,40.5099983215332,42.2400016784668,40.5099983215332,41.65999984741211,41.25468826293945,36300,0.0,False
2024-12-23,41.77000045776367,41.959999084472656,40.731998443603516,41.810001373291016,41.40323257446289,48000,0.0,False
2024-12-24,41.68000030517578,42.5099983215332,41.310001373291016,42.5099983215332,42.09642028808594,22400,0.0,False
2024-12-26,43.310001373291016,43.310001373291016,42.0099983215332,42.7599983215332,42.34398651123047,65500,0.0,False
2024-12-27,42.34000015258789,42.611000061035156,41.38600158691406,41.790000915527344,41.383426666259766,42300,0.0,False
2024-12-30,41.58000183105469,41.91999816894531,40.79999923706055,41.63999938964844,41.27142333984375,62300,0.0,False
2024-12-31,42.02000045776367,42.290000915527344,40.48400115966797,40.91999816894531,40.557796478271484,78300,0.0,False
2025-01-02,41.2599983215332,42.040000915527344,40.97999954223633,41.810001373291016,41.43992233276367,61800,0.0,False
2025-01-03,42.2599983215332,44.20000076293945,42.0099983215332,44.20000076293945,43.80876541137695,118200,0.0,False
2025-01-06,45.0,45.86899948120117,44.66699981689453,45.34000015258789,44.93867492675781,163900,0.0,False
2025-01-07,45.65999984741211,46.540000915527344,44.0,44.349998474121094,43.957435607910156,102900,0.0,False
2025-01-08,43.810001373291016,43.92900085449219,42.220001220703125,43.220001220703125,42.837440490722656,92900,0.0,False
2025-01-10,43.59000015258789,43.612998962402344,42.70000076293945,43.380001068115234,42.99602508544922,105100,0.0,False
2025-01-13,42.79999923706055,42.79999923706055,41.84000015258789,42.38999938964844,42.01478576660156,71600,0.0,False
2025-01-14,43.0099983215332,43.540000915527344,42.540000915527344,43.060001373291016,42.678855895996094,102200,0.0,False
2025-01-15,44.040000915527344,44.40299987792969,43.770999908447266,44.02000045776367,43.6303596496582,65700,0.0,False
2025-01-16,44.33000183105469,44.54999923706055,43.529998779296875,44.43000030517578,44.03672790527344,61200,0.0,False
2025-01-17,44.970001220703125,45.69900131225586,44.43000030517578,45.38999938964844,44.98823165893555,103900,0.0,False
2025-01-21,46.27000045776367,48.130001068115234,46.0,48.0099983215332,47.58504104614258,287800,0.0,False
2025-01-22,49.09000015258789,49.51900100708008,48.25,49.150001525878906,48.71495056152344,473300,0.0,False
2025-01-23,49.150001525878906,51.63999938964844,48.77000045776367,51.13999938964844,50.68733596801758,456100,0.0,False
2025-01-24,51.61000061035156,51.93000030517578,50.79999923706055,51.349998474121094,50.895477294921875,466100,0.0,False
2025-01-27,46.68000030517578,46.80500030517578,43.630001068115234,44.36000061035156,43.967350006103516,750200,0.0,False
2025-01-28,45.220001220703125,45.220001220703125,43.422000885009766,45.189998626708984,44.790000915527344,332100,0.0,False
2025-01-29,45.11000061035156,46.650001525878906,45.0,45.93000030517578,45.52345275878906,198100,0.0,False
2025-01-30,46.810001373291016,48.459999084472656,46.5,48.310001373291016,47.88238525390625,286000,0.0,False
2025-01-31,48.5,49.249000549316406,47.09000015258789,47.619998931884766,47.198490142822266,195300,0.0,False
2025-02-03,45.61000061035156,48.400001525878906,45.25,47.970001220703125,47.54539489746094,138500,0.0,False
2025-02-04,48.65999984741211,48.65999984741211,47.34400177001953,48.369998931884766,47.94185256958008,114000,0.0,False
2025-02-05,48.59000015258789,50.02399826049805,48.09600067138672,49.65999984741211,49.220436096191406,134900,0.0,False
2025-02-06,50.0,50.16999816894531,48.36399841308594,48.83000183105469,48.39778518676758,130400,0.0,False
2025-02-07,49.349998474121094,52.097999572753906,49.150001525878906,51.060001373291016,50.6080436706543,243800,0.0,False
2025-02-10,51.279998779296875,51.86000061035156,50.8650016784668,51.4900016784668,51.03424072265625,407000,0.0,False
2025-02-11,51.29999923706055,51.29999923706055,49.70800018310547,50.22999954223633,49.7853889465332,151000,0.0,False
2025-02-12,49.38999938964844,51.52000045776367,48.90599822998047,51.06999969482422,50.61795425415039,176400,0.0,False
2025-02-13,51.0099983215332,51.018001556396484,49.51300048828125,50.849998474121094,50.39990234375,228000,0.0,False
2025-02-14,51.0,51.11000061035156,49.606998443603516,49.81999969482422,49.37902069091797,139100,0.0,False
2025-02-18,50.209999084472656,50.41999816894531,49.220001220703125,49.630001068115234,49.190704345703125,160300,0.0,False
2025-02-19,49.380001068115234,49.380001068115234,48.159000396728516,48.310001373291016,47.88238525390625,128200,0.0,False
2025-02-20,48.45000076293945,48.45000076293945,46.80500030517578,47.599998474121094,47.17866897583008,143400,0.0,False
2025-02-21,47.95000076293945,47.95000076293945,44.70000076293945,45.25,44.84947204589844,240600,0.0,False
2025-02-24,45.0,45.0,43.08000183105469,43.33000183105469,42.946468353271484,187000,0.0,False
2025-02-25,43.189998626708984,43.5,41.849998474121094,42.90999984741211,42.530181884765625,173100,0.0,False
2025-02-26,44.13999938964844,44.86000061035156,43.63199996948242,44.060001373291016,43.670005798339844,122700,0.0,False
2025-02-27,45.25,45.25,42.41999816894531,42.630001068115234,42.252662658691406,110700,0.0,False
2025-02-28,41.77000045776367,43.13999938964844,41.43000030517578,43.13999938964844,42.758148193359375,90000,0.0,False
2025-03-03,43.630001068115234,43.630001068115234,40.709999084472656,41.099998474121094,40.736202239990234,116200,0.0,False
2025-03-04,40.279998779296875,42.380001068115234,39.849998474121094,41.630001068115234,41.261512756347656,131800,0.0,False
2025-03-05,42.0099983215332,42.18000030517578,41.08300018310547,41.97999954223633,41.60841369628906,66500,0.0,False
2025-03-06,41.279998779296875,41.34000015258789,39.7599983215332,40.029998779296875,39.67567443847656,124300,0.0,False
2025-03-07,40.0099983215332,40.375999450683594,39.04999923706055,40.2599983215332,39.90363693237305,88400,0.0,False
2025-03-10,39.13999938964844,39.369998931884766,38.130001068115234,38.59000015258789,38.24842071533203,197600,0.0,False
2025-03-11,38.66999816894531,39.959999084472656,38.457000732421875,39.61000061035156,39.259395599365234,82900,0.0,False
2025-03-12,40.5,40.9900016784668,39.61399841308594,40.209999084472656,39.85408020019531,90200,0.0,False
2025-03-13,39.959999084472656,40.220001220703125,39.099998474121094,39.30500030517578,38.95709228515625,61500,0.0,False
2025-03-14,40.0099983215332,41.119998931884766,39.970001220703125,40.959999084472656,40.597442626953125,82800,0.0,False
2025-03-17,41.470001220703125,42.178001403808594,41.20000076293945,41.900001525878906,41.52912521362305,132500,0.0,False
2025-03-18,41.400001525878906,41.400001525878906,40.599998474121094,41.04999923706055,40.6866455078125,50900,0.0,False
2025-03-19,41.0099983215332,42.2599983215332,40.900001525878906,42.060001373291016,41.68770980834961,72300,0.0,False
2025-03-20,41.380001068115234,42.57899856567383,41.380001068115234,41.7599983215332,41.39036178588867,56600,0.0,False
2025-03-21,41.40999984741211,41.604000091552734,41.02000045776367,41.59000015258789,41.221866607666016,50100,0.0,False
2025-03-24,42.52000045776367,43.0099983215332,42.400001525878906,43.0099983215332,42.629295349121094,46900,0.0,False
2025-03-25,42.650001525878906,42.70000076293945,41.709999084472656,42.040000915527344,41.667884826660156,52900,0.0,False
2025-03-26,42.040000915527344,42.040000915527344,40.54999923706055,40.619998931884766,40.26045227050781,59600,0.0,False
2025-03-27,40.400001525878906,40.540000915527344,39.58000183105469,39.93000030517578,39.576560974121094,47600,0.0,False
2025-03-28,39.38999938964844,39.64500045776367,38.59000015258789,38.66999816894531,38.32771301269531,62600,0.0,False
2025-03-31,38.0,38.40999984741211,37.40599822998047,38.130001068115234,37.79249572753906,71900,0.0,False
2025-04-01,38.189998626708984,38.970001220703125,37.724998474121094,38.70000076293945,38.35744857788086,97000,0.0,False
2025-04-02,37.95000076293945,39.400001525878906,37.95000076293945,39.349998474121094,39.00169372558594,41000,0.0,False
2025-04-03,38.08000183105469,38.27399826049805,37.31999969482422,37.5,37.16807174682617,80900,0.0,False
2025-04-04,36.0,36.20000076293945,33.959999084472656,34.66999816894531,34.36311721801758,201600,0.0,False
2025-04-07,33.459999084472656,35.9900016784668,32.70000076293945,34.810001373291016,34.50188064575195,137400,0.0,False
2025-04-08,36.470001220703125,36.499000549316406,34.06999969482422,34.481998443603516,34.176780700683594,90500,0.0,False
2025-04-09,33.869998931884766,38.4900016784668,33.869998931884766,38.25,37.91143035888672,118700,0.0,False
2025-04-10,37.310001373291016,37.810001373291016,36.20000076293945,37.15999984741211,36.831077575683594,64600,0.0,False
2025-04-11,37.18000030517578,38.470001220703125,37.03499984741211,38.43000030517578,38.089839935302734,54000,0.0,False
2025-04-14,39.52000045776367,39.52000045776367,38.145999908447266,38.66999816894531,38.32771301269531,49400,0.0,False
2025-04-15,38.65999984741211,39.09000015258789,38.46900177001953,38.65999984741211,38.31780242919922,41900,0.0,False
2025-04-16,38.349998474121094,38.79999923706055,37.900001525878906,38.41999816894531,38.079925537109375,43900,0.0,False
2025-04-17,38.709999084472656,38.8849983215332,38.20800018310547,38.400001525878906,38.06010437011719,20400,0.0,False
2025-04-21,38.41999816894531,38.58000183105469,36.869998931884766,37.470001220703125,37.138336181640625,39000,0.0,False
2025-04-22,37.709999084472656,38.566001892089844,37.709999084472656,38.332000732421875,37.992706298828125,58400,0.0,False
2025-04-23,39.529998779296875,39.88999938964844,38.869998931884766,38.9900016784668,38.64488220214844,27900,0.0,False
2025-04-24,39.459999084472656,40.26300048828125,39.349998474121094,40.209999084472656,39.85408020019531,74100,0.0,False
2025-04-25,40.27000045776367,40.50699996948242,39.92900085449219,40.40999984741211,40.052310943603516,30500,0.0,False
2025-04-28,40.31999969482422,40.849998474121094,40.060001373291016,40.744998931884766,40.38434600830078,43800,0.0,False
2025-04-29,40.790000915527344,41.25400161743164,40.65999984741211,41.099998474121094,40.736202239990234,43200,0.0,False
2025-04-30,40.25,40.87799835205078,39.808998107910156,40.86000061035156,40.498329162597656,33000,0.0,False
2025-05-01,41.34000015258789,42.06999969482422,41.29999923706055,41.72999954223633,41.360626220703125,44400,0.0,False
2025-05-02,42.290000915527344,42.93000030517578,42.290000915527344,42.70000076293945,42.322044372558594,49200,0.0,False
2025-05-05,42.29999923706055,42.66999816894531,42.097999572753906,42.5,42.12381362915039,23700,0.0,False
2025-05-06,42.220001220703125,43.36000061035156,42.220001220703125,43.25,42.86717224121094,65000,0.0,False
2025-05-07,43.29999923706055,43.310001373291016,42.70000076293945,43.02000045776367,42.63920974731445,53300,0.0,False
2025-05-08,43.61000061035156,43.797000885009766,43.2599983215332,43.47999954223633,43.09513854980469,33600,0.0,False
2025-05-09,43.720001220703125,43.86000061035156,43.119998931884766,43.84000015258789,43.45195007324219,56100,0.0,False
2025-05-12,45.20000076293945,45.20000076293945,44.33000183105469,44.709999084472656,44.31425094604492,274500,0.0,False
2025-05-13,44.630001068115234,45.869998931884766,44.584999084472656,45.400001525878906,44.998146057128906,108400,0.0,False
2025-05-14,46.0,46.0,45.55400085449219,45.72999954223633,45.32522201538086,68400,0.0,False
2025-05-15,45.709999084472656,46.04999923706055,45.380001068115234,45.90999984741211,45.50362777709961,58200,0.0,False
2025-05-16,45.849998474121094,46.47999954223633,45.849998474121094,46.45000076293945,46.038848876953125,58300,0.0,False
2025-05-19,45.619998931884766,46.869998931884766,45.5099983215332,46.8650016784668,46.45017623901367,53400,0.0,False
2025-05-20,46.91999816894531,46.91999816894531,46.321998596191406,46.720001220703125,46.306461334228516,27200,0.0,False
2025-05-21,46.779998779296875,47.4739990234375,46.39400100708008,46.56999969482422,46.15778732299805,65400,0.0,False
2025-05-22,46.7400016784668,47.28799819946289,46.165000915527344,46.959999084472656,46.544334411621094,65800,0.0,False
2025-05-23,49.040000915527344,50.27000045776367,48.09000015258789,49.970001220703125,49.52769470214844,338900,0.0,False
2025-05-27,51.400001525878906,51.59400177001953,50.310001373291016,51.59000015258789,51.13335418701172,360600,0.0,False
2025-05-28,51.43000030517578,51.68000030517578,51.0,51.220001220703125,50.76662826538086,157300,0.0,False
2025-05-29,52.0,52.0,50.290000915527344,50.540000915527344,50.092647552490234,126600,0.0,False
2025-05-30,50.06999969482422,50.689998626708984,49.6609992980957,50.65999984741211,50.211585998535156,173700,0.0,False
2025-06-02,50.349998474121094,51.0,50.1619987487793,50.93000030517578,50.47919464111328,139300,0.0,False
2025-06-03,52.56999969482422,52.56999969482422,51.0,51.33000183105469,50.87565612792969,279100,0.0,False
2025-06-04,51.689998626708984,51.779998779296875,50.86000061035156,51.650001525878906,51.19282150268555,203500,0.0,False
2025-06-05,51.959999084472656,52.1150016784668,51.029998779296875,51.41999816894531,50.9648551940918,154900,0.0,False
2025-06-06,52.0,52.47999954223633,51.3849983215332,52.43000030517578,51.965919494628906,156100,0.0,False
2025-06-09,53.369998931884766,53.619998931884766,52.5989990234375,53.220001220703125,52.748924255371094,303700,0.0,False
2025-06-10,53.349998474121094,53.349998474121094,51.369998931884766,51.93000030517578,51.47034454345703,209200,0.0,False
2025-06-11,52.38999938964844,53.904998779296875,52.040000915527344,53.720001220703125,53.24449920654297,223200,0.0,False
2025-06-12,53.70000076293945,54.40999984741211,53.3120002746582,53.880001068115234,53.40308380126953,255100,0.0,False
2025-06-13,53.310001373291016,54.0099983215332,53.0,53.52000045776367,53.046268463134766,105900,0.0,False
2025-06-16,55.150001525878906,55.779998779296875,54.599998474121094,54.91999816894531,54.433876037597656,254800,0.0,False
2025-06-17,55.220001220703125,55.220001220703125,53.79999923706055,54.25,53.76980972290039,137200,0.0,False
2025-06-18,54.56999969482422,54.689998626708984,54.125,54.470001220703125,53.98786163330078,131300,0.0,False
2025-06-20,55.150001525878906,55.150001525878906,53.80099868774414,53.9900016784668,53.51211166381836,107500,0.0,False
2025-06-23,54.0,54.685001373291016,53.150001525878906,54.41999816894531,53.93830108642578,145200,0.0,False
2025-06-24,55.16999816894531,56.314998626708984,55.150001525878906,56.220001220703125,55.72237014770508,225600,0.0,False
2025-06-25,56.59000015258789,56.59000015258789,55.11000061035156,55.209999084472656,54.721309661865234,291900,0.0,False
2025-06-26,55.43000030517578,56.290000915527344,55.099998474121094,56.189998626708984,55.69263458251953,181800,0.0,False
2025-06-27,56.81999969482422,56.81999969482422,55.448001861572266,55.9900016784668,55.494407653808594,161400,0.0,False
2025-06-30,56.599998474121094,56.64699935913086,55.77199935913086,56.560001373291016,56.05936050415039,201600,0.0,False
2025-07-01,56.5099983215332,56.5099983215332,54.70000076293945,55.08000183105469,54.592464447021484,331600,0.0,False
2025-07-02,54.939998626708984,55.15999984741211,54.5,54.97999954223633,54.49334716796875,149000,0.0,False
2025-07-03,55.43000030517578,55.689998626708984,54.849998474121094,55.65999984741211,55.167327880859375,141700,0.0,False
2025-07-07,55.54999923706055,55.869998931884766,54.79999923706055,55.86000061035156,55.36555862426758,149100,0.0,False
2025-07-08,56.0,56.38999938964844,54.630001068115234,55.279998779296875,54.79069137573242,127700,0.0,False
2025-07-09,55.119998931884766,55.619998931884766,54.810001373291016,55.54999923706055,55.05830001831055,158800,0.0,False
2025-07-10,55.75,55.91999816894531,54.77000045776367,55.72999954223633,55.2367057800293,145200,0.0,False
2025-07-11,55.2599983215332,56.06999969482422,55.125999450683594,55.90999984741211,55.41511535644531,93800,0.0,False
2025-07-14,55.939998626708984,57.5620002746582,55.900001525878906,57.5,56.99103927612305,276000,0.0,False
2025-07-15,58.0,58.0,56.66999816894531,56.9900016784668,56.485557556152344,156800,0.0,False
2025-07-16,57.0,57.7599983215332,56.2599983215332,57.709999084472656,57.199180603027344,263800,0.0,False
2025-07-17,57.65999984741211,58.619998931884766,57.65999984741211,58.599998474121094,58.081302642822266,193300,0.0,False
2025-07-18,58.97999954223633,59.909000396728516,58.97999954223633,59.619998931884766,59.0922737121582,244200,0.0,False
2025-07-21,60.33000183105469,60.33000183105469,58.369998931884766,58.369998931884766,57.85334014892578,186600,0.0,False
2025-07-22,58.5,58.5,57.0099983215332,58.13999938964844,57.62537384033203,127800,0.0,False
2025-07-23,59.18000030517578,60.27000045776367,59.119998931884766,60.040000915527344,59.50856018066406,261900,0.0,False
2025-07-24,60.25,61.09000015258789,60.0,60.650001525878906,60.1131591796875,283300,0.0,False
2025-07-25,60.70000076293945,61.380001068115234,60.25,61.2400016784668,60.69793701171875,212800,0.0,False
2025-07-28,61.619998931884766,61.619998931884766,60.16999816894531,60.880001068115234,60.34112548828125,354900,0.0,False
2025-07-29,61.150001525878906,61.43000030517578,59.79499816894531,60.029998779296875,59.4986457824707,182700,0.0,False
2025-07-30,60.029998779296875,61.029998779296875,60.0,60.54999923706055,60.014041900634766,152400,0.0,False
2025-07-31,61.060001373291016,61.150001525878906,59.90999984741211,60.20000076293945,59.66714096069336,207100,0.0,False
2025-08-01,58.709999084472656,59.11399841308594,57.060001373291016,58.540000915527344,58.02183532714844,289400,0.0,False
2025-08-04,59.540000915527344,60.08000183105469,59.099998474121094,59.970001220703125,59.439178466796875,165700,0.0,False
2025-08-05,60.849998474121094,61.22200012207031,59.7140007019043,60.7400016784668,60.202362060546875,189800,0.0,False
2025-08-06,61.189998626708984,61.790000915527344,60.733001708984375,61.40999984741211,60.866432189941406,261400,0.0,False
2025-08-07,61.61000061035156,61.61000061035156,60.00699996948242,60.709999084472656,60.17262649536133,281700,0.0,False
2025-08-08,60.810001373291016,61.058998107910156,59.680999755859375,59.88999938964844,59.359886169433594,220600,0.0,False
2025-08-11,60.0,60.03499984741211,59.099998474121094,59.70000076293945,59.17156982421875,182700,0.0,False
2025-08-12,59.9900016784668,61.310001373291016,59.70000076293945,61.220001220703125,60.67811584472656,190500,0.0,False
2025-08-13,61.68000030517578,61.709999084472656,59.422000885009766,60.349998474121094,59.81581115722656,183200,0.0,False
2025-08-14,59.880001068115234,60.31999969482422,59.18000030517578,59.5,58.97333908081055,124700,0.0,False
2025-08-15,59.81999969482422,59.81999969482422,58.375,58.880001068115234,58.35882568359375,131400,0.0,False
2025-08-18,58.83000183105469,58.97800064086914,58.428001403808594,58.869998931884766,58.34891128540039,119500,0.0,False
2025-08-19,58.58000183105469,58.584999084472656,57.0099983215332,57.25,56.74325180053711,232900,0.0,False
2025-08-20,56.970001220703125,56.970001220703125,55.54999923706055,56.70000076293945,56.198123931884766,246400,0.0,False
2025-08-21,56.849998474121094,57.5099983215332,56.79999923706055,57.040000915527344,56.53511428833008,142400,0.0,False
2025-08-22,57.810001373291016,58.880001068115234,57.30500030517578,58.470001220703125,57.952457427978516,168100,0.0,False
2025-08-25,58.630001068115234,58.650001525878906,58.02000045776367,58.29999923706055,57.783958435058594,115900,0.0,False
2025-08-26,58.38999938964844,59.58000183105469,58.38999938964844,59.459999084472656,58.93368911743164,120600,0.0,False
2025-08-27,59.41999816894531,59.486000061035156,58.90599822998047,59.040000915527344,58.51741027832031,145100,0.0,False
2025-08-28,59.65999984741211,60.56999969482422,59.3849983215332,60.189998626708984,59.657230377197266,281800,0.0,False
2025-08-29,60.220001220703125,60.220001220703125,58.25,58.790000915527344,58.269622802734375,205600,0.0,False
2025-09-02,57.54999923706055,58.13999938964844,56.720001220703125,58.13999938964844,57.62537384033203,188600,0.0,False
2025-09-03,58.40999984741211,58.59000015258789,57.709999084472656,58.0,57.48661422729492,112900,0.0,False
2025-09-04,58.41999816894531,58.41999816894531,57.61899948120117,57.93000030517578,57.417236328125,88000,0.0,False
2025-09-05,58.5099983215332,58.56700134277344,56.97200012207031,58.029998779296875,57.51634979248047,120700,0.0,False
2025-09-08,58.310001373291016,58.619998931884766,57.869998931884766,58.36000061035156,57.84342956542969,100900,0.0,False
2025-09-09,58.439998626708984,58.869998931884766,58.11000061035156,58.79999923706055,58.27953338623047,128500,0.0,False
2025-09-10,59.52000045776367,60.29999923706055,59.5,59.84000015258789,59.31032943725586,221900,0.0,False
2025-09-11,60.0099983215332,61.150001525878906,59.84000015258789,60.79999923706055,60.2618293762207,292900,0.0,False
2025-09-12,60.79999923706055,60.79999923706055,60.20100021362305,60.560001373291016,60.023956298828125,217500,0.0,False
2025-09-15,61.02000045776367,63.11000061035156,60.797000885009766,63.04999923706055,62.491912841796875,260400,0.0,False
2025-09-16,63.43000030517578,63.43000030517578,61.45000076293945,61.84000015258789,61.292625427246094,237100,0.0,False
2025-09-17,62.099998474121094,62.099998474121094,60.9900016784668,61.560001373291016,61.015106201171875,174000,0.0,False
2025-09-18,62.349998474121094,63.599998474121094,61.78499984741211,62.93000030517578,62.37297821044922,262600,0.0,False
2025-09-19,63.2599983215332,65.96900177001953,63.1349983215332,65.86000061035156,65.27704620361328,326700,0.0,False
2025-09-22,65.93000030517578,67.25299835205078,64.55000305175781,67.0999984741211,66.50606536865234,415300,0.0,False
2025-09-23,67.29000091552734,67.29000091552734,65.88200378417969,66.58000183105469,65.99066925048828,348100,0.0,False
2025-09-24,67.23999786376953,67.23999786376953,65.02400207519531,65.08000183105469,64.50395202636719,309300,0.0,False
2025-09-25,63.84000015258789,65.25499725341797,62.93000030517578,65.05999755859375,64.48412322998047,358800,0.0,False
2025-09-26,65.1500015258789,65.47000122070312,64.36000061035156,65.02999877929688,64.45439147949219,164000,0.0,False
2025-09-29,66.0,66.2300033569336,65.1760025024414,65.44999694824219,64.87066650390625,182800,0.0,False
2025-09-30,65.30000305175781,65.66000366210938,64.63999938964844,65.04000091552734,64.46430206298828,382400,0.0,False
2025-10-01,65.02999877929688,65.97000122070312,64.66000366210938,65.80000305175781,65.21757507324219,252300,0.0,False
2025-10-02,66.62000274658203,66.83999633789062,65.5979995727539,66.83000183105469,66.23845672607422,389800,0.0,False
2025-10-03,67.5199966430664,68.37899780273438,67.06999969482422,67.5199966430664,66.92234802246094,372400,0.0,False
2025-10-06,68.63999938964844,69.66000366210938,68.41000366210938,68.7699966430664,68.1612777709961,357600,0.0,False
2025-10-07,69.33000183105469,69.81999969482422,67.76599884033203,68.29000091552734,67.68553161621094,299000,0.0,False
2025-10-08,68.51000213623047,69.0,68.3499984741211,68.81999969482422,68.2108383178711,217200,0.0,False
2025-10-09,69.70999908447266,69.7699966430664,68.4000015258789,69.26000213623047,68.6469497680664,297200,0.0,False
2025-10-10,69.01000213623047,70.83999633789062,67.5,67.62000274658203,67.02146911621094,339500,0.0,False
2025-10-13,69.56999969482422,71.43900299072266,69.01000213623047,71.16999816894531,70.5400390625,286600,0.0,False
2025-10-14,70.25,72.56999969482422,68.94000244140625,71.63999938964844,71.0058822631836,261800,0.0,False
2025-10-15,73.4800033569336,74.29000091552734,71.06800079345703,72.69999694824219,72.0564956665039,351900,0.0,False
2025-10-16,74.19999694824219,74.19999694824219,71.30999755859375,71.62000274658203,70.9860610961914,313600,0.0,False
2025-10-17,70.80999755859375,71.77999877929688,69.51899719238281,70.2699966430664,69.64800262451172,343500,0.0,False
2025-10-20,71.3499984741211,71.3499984741211,70.052001953125,70.58999633789062,69.96517181396484,269800,0.0,False
2025-10-21,69.80999755859375,70.01499938964844,68.30000305175781,68.55999755859375,67.95314025878906,288300,0.0,False
2025-10-22,68.19000244140625,68.43000030517578,65.51000213623047,66.69999694824219,66.10960388183594,483900,0.0,False
2025-10-23,67.4800033569336,69.0,67.13999938964844,68.69999694824219,68.09190368652344,242100,0.0,False
2025-10-24,70.33000183105469,70.93000030517578,70.0,70.61000061035156,69.98500061035156,174800,0.0,False
2025-10-27,71.93000030517578,71.93000030517578,70.0009994506836,70.88999938964844,70.26251983642578,272000,0.0,False
2025-10-28,72.79000091552734,73.43000030517578,71.66999816894531,72.55000305175781,71.90782928466797,388200,0.0,False
2025-10-29,72.95999908447266,75.02999877929688,72.9000015258789,74.5199966430664,73.86038208007812,290400,0.0,False
2025-10-30,73.75,74.79000091552734,73.02999877929688,73.7699966430664,73.11702728271484,214400,0.0,False
2025-10-31,73.98999786376953,74.24500274658203,72.4000015258789,73.30000305175781,72.65119171142578,241600,0.0,False
2025-11-03,73.6500015258789,73.6500015258789,72.0,72.61000061035156,71.96729278564453,175500,0.0,False
2025-11-04,70.37999725341797,71.29000091552734,69.6520004272461,69.75,69.13260650634766,270000,0.0,False
2025-11-05,69.76000213623047,70.77999877929688,69.54000091552734,70.2699966430664,69.64800262451172,200700,0.0,False
2025-11-06,70.0,70.10800170898438,68.01000213623047,68.06999969482422,67.46748352050781,192100,0.0,False
2025-11-07,66.43000030517578,68.5,65.68000030517578,68.5,67.8936767578125,412500,0.0,False
2025-11-10,70.29000091552734,70.29000091552734,68.33100128173828,69.19999694824219,68.58747863769531,182700,0.0,False
2025-11-11,69.08000183105469,69.08000183105469,67.80000305175781,68.19999694824219,67.59632873535156,191000,0.0,False
2025-11-12,68.7699966430664,69.05999755859375,68.04000091552734,68.5,67.8936767578125,129400,0.0,False
2025-11-13,68.33000183105469,68.33999633789062,65.55999755859375,65.86000061035156,65.27704620361328,116600,0.0,False
2025-11-14,64.25,66.43499755859375,63.95000076293945,65.5,64.92022705078125,302500,0.0,False
2025-11-17,65.11000061035156,65.97000122070312,64.12000274658203,64.62999725341797,64.05792999267578,133400,0.0,False
2025-11-18,63.70000076293945,64.93900299072266,63.56999969482422,64.41000366210938,63.839881896972656,146200,0.0,False
2025-11-19,64.6500015258789,65.58000183105469,64.37999725341797,65.19000244140625,64.61297607421875,144400,0.0,False
2025-11-20,66.91999816894531,67.125,62.650001525878906,62.95000076293945,62.392799377441406,314400,0.0,False
2025-11-21,62.58000183105469,62.58000183105469,60.75,62.220001220703125,61.66926193237305,278500,0.0,False
2025-11-24,62.349998474121094,63.70000076293945,62.209999084472656,63.58000183105469,63.01722717285156,117300,0.0,False
2025-11-25,63.72999954223633,64.2699966430664,62.54999923706055,64.19999694824219,63.63173294067383,91700,0.0,False
2025-11-26,64.94000244140625,65.48999786376953,64.66999816894531,65.30000305175781,64.72200012207031,93400,0.0,False
2025-11-28,65.58000183105469,65.9800033569336,65.1500015258789,65.83999633789062,65.25721740722656,58300,0.0,False
2025-12-01,64.86000061035156,64.9800033569336,64.12999725341797,64.33000183105469,63.76058578491211,98400,0.0,False
2025-12-02,64.62999725341797,65.34500122070312,64.30999755859375,64.72000122070312,64.14713287353516,128700,0.0,False
2025-12-03,65.02999877929688,65.66999816894531,64.2300033569336,65.5999984741211,65.01934051513672,138200,0.0,False
2025-12-04,65.83000183105469,67.5199966430664,65.58000183105469,67.27999877929688,66.6844711303711,182400,0.0,False
2025-12-05,67.63999938964844,67.63999938964844,66.30999755859375,66.5999984741211,66.01049041748047,186100,0.0,False
2025-12-08,66.79000091552734,66.79000091552734,65.99199676513672,66.4800033569336,65.89155578613281,82600,0.0,False
2025-12-09,66.31999969482422,67.05000305175781,65.96399688720703,66.5,65.911376953125,64100,0.0,False
2025-12-10,66.41000366210938,67.27999877929688,65.58000183105469,67.08999633789062,66.49615478515625,123000,0.0,False
2025-12-11,66.5999984741211,68.07499694824219,66.12000274658203,67.97000122070312,67.36837005615234,97200,0.0,False
2025-12-12,67.97000122070312,67.97000122070312,65.3290023803711,65.76000213623047,65.17793273925781,152900,0.0,False
2025-12-15,66.26000213623047,66.26000213623047,64.95999908447266,65.13999938964844,64.56341552734375,113800,0.0,False
2025-12-16,64.36000061035156,65.27999877929688,64.11000061035156,64.93000030517578,64.35527801513672,76100,0.0,False
2025-12-17,64.91000366210938,65.0999984741211,62.560001373291016,62.86000061035156,62.30359649658203,214900,0.0,False
2025-12-18,63.95000076293945,64.37200164794922,63.400001525878906,63.619998931884766,63.05686950683594,148800,0.0,False
2025-12-19,64.12999725341797,65.38500213623047,64.12999725341797,65.22000122070312,64.64270782470703,133800,0.0,False
2025-12-22,65.8499984741211,65.87000274658203,65.06999969482422,65.61000061035156,65.02925872802734,149900,0.0,False
2025-12-23,65.29000091552734,66.08999633789062,65.29000091552734,65.87999725341797,65.29685974121094,95500,0.0,False
2025-12-24,66.05999755859375,66.06999969482422,65.61000061035156,66.0199966430664,65.43562316894531,51400,0.0,False
2025-12-26,65.80000305175781,65.80000305175781,65.16999816894531,65.58000183105469,64.99951934814453,68900,0.0,False
2025-12-29,65.25,65.94999694824219,65.06999969482422,65.30000305175781,64.72200012207031,83100,0.0,False
2025-12-30,64.7699966430664,64.7699966430664,63.93000030517578,64.05999755859375,64.05999755859375,76100,0.0,False
2025-12-31,64.19999694824219,64.19999694824219,63.5,63.5,63.5,100200,0.0,False
2026-01-02,64.5199966430664,66.15299987792969,64.36000061035156,66.05999755859375,66.05999755859375,177800,0.0,False
2026-01-05,67.44999694824219,68.25,67.0999984741211,68.0199966430664,68.0199966430664,247000,0.0,False
2026-01-06,67.5199966430664,68.18000030517578,67.0,67.93000030517578,67.93000030517578,132900,0.0,False
2026-01-07,68.19000244140625,68.27999877929688,67.11000061035156,67.4000015258789,67.4000015258789,160900,0.0,False
2026-01-08,67.56999969482422,67.68000030517578,66.54000091552734,67.04000091552734,67.04000091552734,93500,0.0,False
2026-01-09,69.2300033569336,69.5999984741211,68.5199966430664,68.61000061035156,68.61000061035156,172500,0.0,False
2026-01-12,68.75,69.41999816894531,68.5,69.33999633789062,69.33999633789062,258600,0.0,False
2026-01-13,69.9000015258789,69.9000015258789,68.9000015258789,69.22000122070312,69.22000122070312,192000,0.0,False
2026-01-14,69.33999633789062,69.87000274658203,68.76000213623047,69.6500015258789,69.6500015258789,131100,0.0,False
2026-01-15,70.3499984741211,71.1500015258789,70.27999877929688,70.45999908447266,70.45999908447266,136000,0.0,False
2026-01-16,70.43000030517578,70.98899841308594,69.87999725341797,70.77999877929688,70.77999877929688,147500,0.0,False
2026-01-20,70.13999938964844,70.875,69.4000015258789,69.66000366210938,69.66000366210938,195500,0.0,False
2026-01-21,70.87999725341797,71.38400268554688,69.69000244140625,71.16999816894531,71.16999816894531,176000,0.0,False
2026-01-22,71.80000305175781,71.94000244140625,70.5,71.0199966430664,71.0199966430664,161900,0.0,False
2026-01-23,71.05000305175781,71.25,70.29000091552734,71.08999633789062,71.08999633789062,104200,0.0,False
2026-01-26,71.26000213623047,71.58999633789062,69.75,70.06999969482422,70.06999969482422,186500,0.0,False
2026-01-27,70.43000030517578,71.58999633789062,69.76000213623047,71.4000015258789,71.4000015258789,130100,0.0,False
2026-01-28,71.62000274658203,72.66999816894531,70.91200256347656,72.58999633789062,72.58999633789062,146300,0.0,False
2026-01-29,72.9000015258789,73.22000122070312,70.19999694824219,72.06999969482422,72.06999969482422,204000,0.0,False
2026-01-30,70.81999969482422,71.61000061035156,69.08999633789062,69.43000030517578,69.43000030517578,171200,0.0,False
2026-02-02,69.31999969482422,69.77999877929688,68.52999877929688,69.12000274658203,69.12000274658203,110100,0.0,False
2026-02-03,69.9800033569336,71.0999984741211,69.20999908447266,70.58000183105469,70.58000183105469,118800,0.0,False
2026-02-04,71.30999755859375,71.30999755859375,66.6500015258789,68.11000061035156,68.11000061035156,167900,0.0,False
2026-02-05,66.98999786376953,67.88999938964844,66.37999725341797,66.79000091552734,66.79000091552734,126900,0.0,False
2026-02-06,68.2300033569336,70.16500091552734,68.0999984741211,70.1500015258789,70.1500015258789,181300,0.0,False
2026-02-09,70.27999877929688,72.04299926757812,70.1500015258789,71.91999816894531,71.91999816894531,123600,0.0,False
2026-02-10,72.0999984741211,72.0999984741211,71.0199966430664,71.0199966430664,71.0199966430664,183300,0.0,False
2026-02-11,72.01000213623047,72.25,70.2300033569336,71.19999694824219,71.19999694824219,148400,0.0,False
2026-02-12,71.5,71.91200256347656,69.875,69.88999938964844,69.88999938964844,133600,0.0,False
2026-02-13,69.87000274658203,70.97000122070312,69.04000091552734,70.70999908447266,70.70999908447266,73600,0.0,False
2026-02-17,69.98999786376953,71.13999938964844,69.50499725341797,70.80000305175781,70.80000305175781,100600,0.0,False
2026-02-18,71.11000061035156,72.12000274658203,70.69999694824219,71.26000213623047,71.26000213623047,88900,0.0,False
2026-02-19,70.93000030517578,71.94999694824219,70.66000366210938,71.80000305175781,71.80000305175781,77400,0.0,False
2026-02-20,71.91000366210938,72.86000061035156,71.62000274658203,72.44000244140625,72.44000244140625,72600,0.0,False
2026-02-23,72.01000213623047,72.5,70.94000244140625,71.55000305175781,71.55000305175781,83200,0.0,False
2026-02-24,71.31999969482422,73.18000030517578,70.83499908447266,73.06999969482422,73.06999969482422,116000,0.0,False
2026-02-25,73.81999969482422,74.19499969482422,73.30000305175781,74.02999877929688,74.02999877929688,97900,0.0,False
2026-02-26,73.88999938964844,73.88999938964844,72.12000274658203,73.70999908447266,73.70999908447266,145900,0.0,False
2026-02-27,73.16999816894531,73.58000183105469,72.58000183105469,73.36000061035156,73.36000061035156,126700,0.0,False
2026-03-02,72.44999694824219,74.66999816894531,72.0999984741211,74.36000061035156,74.36000061035156,125600,0.0,False
2026-03-03,70.68000030517578,71.33000183105469,68.5,70.79000091552734,70.79000091552734,188500,0.0,False
2026-03-04,71.08999633789062,71.72000122070312,70.06999969482422,71.29000091552734,71.29000091552734,96600,0.0,False
2026-03-05,70.30000305175781,70.8499984741211,68.25,69.5199966430664,69.5199966430664,106000,0.0,False
2026-03-06,68.0,69.33000183105469,67.7300033569336,68.22000122070312,68.22000122070312,79000,0.0,False
2026-03-09,67.11000061035156,70.08599853515625,67.06999969482422,69.77999877929688,69.77999877929688,122900,0.0,False
2026-03-10,70.0999984741211,71.5,69.97000122070312,70.4000015258789,70.4000015258789,83700,0.0,False
2026-03-11,70.12000274658203,70.33000183105469,69.16600036621094,69.8499984741211,69.8499984741211,92800,0.0,False
2026-03-12,69.01000213623047,69.56999969482422,68.30000305175781,68.83999633789062,68.83999633789062,80000,0.0,False
2026-03-13,69.77999877929688,69.98999786376953,67.55999755859375,67.55999755859375,67.55999755859375,70800,0.0,False
2026-03-16,68.12000274658203,68.93299865722656,67.93000030517578,68.87000274658203,68.87000274658203,77500,0.0,False
2026-03-17,69.0,69.56999969482422,68.50499725341797,69.12000274658203,69.12000274658203,56900,0.0,False
2026-03-18,69.0199966430664,69.88999938964844,68.55000305175781,68.72000122070312,68.72000122070312,49900,0.0,False
2026-03-19,67.66999816894531,68.80000305175781,66.75599670410156,68.30000305175781,68.30000305175781,58700,0.0,False
2026-03-20,68.44999694824219,68.6500015258789,65.03700256347656,65.6500015258789,65.6500015258789,97200,0.0,False
2026-03-23,66.51000213623047,68.04000091552734,66.21299743652344,66.94999694824219,66.94999694824219,99800,0.0,False
2026-03-24,66.22000122070312,67.5,65.80000305175781,67.16000366210938,67.16000366210938,81900,0.0,False
2026-03-25,68.31999969482422,68.9800033569336,67.9000015258789,68.3499984741211,68.3499984741211,47900,0.0,False
2026-03-26,67.23999786376953,67.76000213623047,65.8499984741211,66.12000274658203,66.12000274658203,40300,0.0,False
2026-03-27,65.2300033569336,65.98999786376953,64.7300033569336,64.88999938964844,64.88999938964844,83400,0.0,False
2026-03-30,65.5,65.6050033569336,63.0,63.459999084472656,63.459999084472656,113800,0.0,False
2026-03-31,63.84000015258789,66.41999816894531,63.84000015258789,65.7699966430664,65.7699966430664,168500,0.0,False
2026-04-01,66.98999786376953,67.98999786376953,66.80000305175781,67.20999908447266,67.20999908447266,92100,0.0,False
2026-04-02,65.16999816894531,67.62999725341797,65.05999755859375,67.0,67.0,61200,0.0,False
2026-04-06,67.13999938964844,67.55000305175781,66.50800323486328,67.20999908447266,67.20999908447266,49800,0.0,False
2026-04-07,66.44000244140625,66.7300033569336,65.44499969482422,66.41999816894531,66.41999816894531,38800,0.0,False
2026-04-08,69.55999755859375,70.0,68.83999633789062,69.87000274658203,69.87000274658203,84400,0.0,False
2026-04-09,69.05000305175781,70.51000213623047,69.05000305175781,69.48999786376953,69.48999786376953,52600,0.0,False
2026-04-10,69.76000213623047,70.43000030517578,69.36000061035156,69.66000366210938,69.66000366210938,132500,0.0,False
2026-04-13,69.08999633789062,70.33000183105469,68.5260009765625,70.23999786376953,70.23999786376953,64700,0.0,False
2026-04-14,70.8499984741211,71.5999984741211,70.8499984741211,71.4800033569336,71.4800033569336,82400,0.0,False
2026-04-15,71.66999816894531,72.5,71.05999755859375,72.06999969482422,72.06999969482422,74300,0.0,False
2026-04-16,72.73999786376953,72.73999786376953,71.23999786376953,71.87999725341797,71.87999725341797,84100,0.0,False
2026-04-17,72.93000030517578,73.80000305175781,72.20999908447266,73.0999984741211,73.0999984741211,65800,0.0,False
2026-04-20,72.30000305175781,72.83999633789062,71.88999938964844,72.68000030517578,72.68000030517578,102800,0.0,False
2026-04-21,72.68000030517578,72.68000030517578,70.0999984741211,70.54000091552734,70.54000091552734,89300,0.0,False
2026-04-22,72.16999816894531,73.73999786376953,71.97000122070312,73.69000244140625,73.69000244140625,71000,0.0,False
2026-04-23,74.55999755859375,74.86000061035156,72.51000213623047,73.5,73.5,97500,0.0,False
2026-04-24,74.31999969482422,74.44999694824219,73.05000305175781,73.54000091552734,73.54000091552734,83800,0.0,False
2026-04-27,73.70999908447266,74.13999938964844,73.18000030517578,74.0199966430664,74.0199966430664,88700,0.0,False
2026-04-28,72.8499984741211,72.8499984741211,71.30999755859375,72.23999786376953,72.23999786376953,57700,0.0,False
2026-04-29,72.0,72.0,69.9000015258789,70.36000061035156,70.36000061035156,80100,0.0,False
2026-04-30,71.16000366210938,73.33999633789062,71.0,73.26000213623047,73.26000213623047,110700,0.0,False
2026-05-01,73.48999786376953,73.48999786376953,72.5999984741211,72.8499984741211,72.8499984741211,88700,0.0,False
2026-05-04,72.77999877929688,73.6500015258789,72.0979995727539,72.5999984741211,72.5999984741211,79700,0.0,False
2026-05-05,73.4000015258789,73.5,72.66999816894531,72.95999908447266,72.95999908447266,94200,0.0,False
2026-05-06,74.19999694824219,76.30000305175781,73.44999694824219,76.2300033569336,76.2300033569336,410000,0.0,False
2026-05-07,76.25,77.33999633789062,73.08000183105469,73.58999633789062,73.58999633789062,415700,0.0,False
2026-05-08,74.16000366210938,74.16000366210938,72.54000091552734,73.19000244140625,73.19000244140625,192800,0.0,False
2026-05-11,73.04000091552734,75.16999816894531,72.66999816894531,74.79000091552734,74.79000091552734,202900,0.0,False
2026-05-12,73.18000030517578,73.18000030517578,71.11000061035156,72.5999984741211,72.5999984741211,164400,0.0,False
2026-05-13,72.62000274658203,72.62000274658203,71.0199966430664,71.95999908447266,71.95999908447266,133500,0.0,False
2026-05-14,71.37999725341797,71.85399627685547,70.71099853515625,71.66000366210938,71.66000366210938,101000,0.0,False
2026-05-15,70.30000305175781,70.30000305175781,69.01000213623047,69.0199966430664,69.0199966430664,157500,0.0,False
2026-05-18,69.9800033569336,69.9800033569336,67.5199966430664,68.41000366210938,68.41000366210938,173400,0.0,False
2026-05-19,67.63999938964844,67.87000274658203,66.37000274658203,67.12999725341797,67.12999725341797,131900,0.0,False
2026-05-20,67.88999938964844,69.0,67.41000366210938,68.79000091552734,68.79000091552734,98500,0.0,False
2026-05-21,68.72000122070312,70.11000061035156,68.5999984741211,69.8499984741211,69.8499984741211,104100,0.0,False
2026-05-22,70.33999633789062,71.5989990234375,70.33000183105469,70.76000213623047,70.76000213623047,94900,0.0,False
2026-05-26,72.19000244140625,73.4800033569336,72.19000244140625,73.12999725341797,73.12999725341797,119200,0.0,False
2026-05-27,72.4800033569336,72.4800033569336,71.41000366210938,71.83000183105469,71.83000183105469,140100,0.0,False
2026-05-28,70.94000244140625,72.94999694824219,70.71099853515625,72.0999984741211,72.0999984741211,87900,0.0,False
2026-05-29,72.20999908447266,72.56999969482422,70.93199920654297,72.33000183105469,72.33000183105469,134100,0.0,False
2026-06-01,71.9800033569336,72.93000030517578,71.25,72.25,72.25,99800,0.0,False
2026-06-02,71.88999938964844,74.26000213623047,71.88999938964844,73.86000061035156,73.86000061035156,98100,0.0,False
2026-06-03,73.55999755859375,73.55999755859375,71.51499938964844,71.94999694824219,71.94999694824219,101000,0.0,False
2026-06-04,71.52999877929688,72.50299835205078,71.4000015258789,72.26000213623047,72.26000213623047,101900,0.0,False
2026-06-05,71.30000305175781,71.30000305175781,67.54000091552734,68.27999877929688,68.27999877929688,205400,0.0,False
2026-06-08,69.05999755859375,69.7300033569336,68.0,68.4000015258789,68.4000015258789,89500,0.0,False
2026-06-09,68.81999969482422,68.98999786376953,65.0,67.0999984741211,67.0999984741211,148000,0.0,False
2026-06-10,66.4000015258789,67.0,64.44999694824219,64.68000030517578,64.68000030517578,127900,0.0,False
2026-06-11,65.3499984741211,67.5999984741211,65.11000061035156,67.23999786376953,67.23999786376953,125100,0.0,False
2026-06-12,67.66999816894531,68.69999694824219,67.51000213623047,68.30999755859375,68.30999755859375,89900,0.0,False
2026-06-15,69.97000122070312,70.73999786376953,69.86000061035156,70.22000122070312,70.22000122070312,88900,0.0,False
2026-06-16,70.16000366210938,71.322998046875,69.77999877929688,69.9000015258789,69.9000015258789,146900,0.0,False
2026-06-17,69.97000122070312,71.55000305175781,69.77999877929688,70.05000305175781,70.05000305175781,136800,0.0,False
2026-06-18,70.7699966430664,71.83999633789062,70.55599975585938,71.44999694824219,71.44999694824219,109300,0.0,False
2026-06-22,71.12999725341797,71.63999938964844,70.9000015258789,71.08999633789062,71.08999633789062,69900,0.0,False
2026-06-23,68.9000015258789,70.72000122070312,68.5,69.22000122070312,69.22000122070312,97200,0.0,False
2026-06-24,69.66000366210938,69.81999969482422,68.02999877929688,69.11000061035156,69.11000061035156,83000,0.0,False
2026-06-25,69.62000274658203,69.83000183105469,68.30000305175781,68.4800033569336,68.4800033569336,232300,0.0,False
2026-06-26,67.75,68.55000305175781,67.62799835205078,67.86000061035156,67.86000061035156,77200,0.0,False
2026-06-29,68.31999969482422,68.41000366210938,67.19000244140625,68.2300033569336,68.2300033569336,83600,0.0,False
2026-06-30,67.79000091552734,68.5469970703125,67.38999938964844,68.16000366210938,68.16000366210938,51500,0.0,False
2026-07-01,67.80999755859375,68.20999908447266,66.69999694824219,66.83999633789062,66.83999633789062,65300,0.0,False
2026-07-02,67.33000183105469,68.48999786376953,65.69000244140625,66.5199966430664,66.5199966430664,59900,0.0,False
2026-07-06,67.19999694824219,68.0,67.19999694824219,67.44999694824219,67.44999694824219,102200,0.0,False
2026-07-07,66.83000183105469,66.83000183105469,64.75,65.33000183105469,65.33000183105469,85100,0.0,False
2026-07-08,64.23999786376953,65.05000305175781,63.900001525878906,65.05000305175781,65.05000305175781,147800,0.0,False
2026-07-09,65.5,65.7699966430664,65.11000061035156,65.5199966430664,65.5199966430664,59600,0.0,False
2026-07-10,65.8499984741211,66.11000061035156,65.47000122070312,65.75,65.75,73400,0.0,False
2026-07-13,65.05999755859375,65.19999694824219,63.79999923706055,63.97999954223633,63.97999954223633,115800,0.0,False
2026-07-14,64.62999725341797,65.29000091552734,64.5199966430664,64.79000091552734,64.79000091552734,54700,0.0,False
2026-07-15,65.0,65.23500061035156,63.45000076293945,64.33000183105469,64.33000183105469,91500,0.0,False
2026-07-16,63.54999923706055,64.1500015258789,62.459999084472656,62.72999954223633,62.72999954223633,97500,0.0,False
2026-07-17,61.709999084472656,63.03900146484375,61.279998779296875,62.43000030517578,62.43000030517578,125900,0.0,False
2026-07-20,62.68000030517578,63.20000076293945,62.08000183105469,62.33000183105469,62.33000183105469,84500,0.0,False
2026-07-21,63.2400016784668,64.43000030517578,63.04999923706055,64.23999786376953,64.23999786376953,57500,0.0,False
2026-07-22,64.20999908447266,65.4229965209961,64.20999908447266,64.7699966430664,64.7699966430664,111000,0.0,False
2026-07-23,64.26000213623047,65.29000091552734,64.26000213623047,65.07599639892578,65.07599639892578,53600,0.0,False
2026-07-24,65.1500015258789,65.19999694824219,64.0,64.21700286865234,64.21700286865234,63800,0.0,False
2026-07-27,64.80999755859375,65.16999816894531,63.19300079345703,64.3499984741211,64.3499984741211,143700,0.0,False
2026-07-28,63.2400016784668,63.25,62.0,62.720001220703125,62.720001220703125,65100,0.0,False
2026-07-29,62.56999969482422,62.56999969482422,60.720001220703125,60.7599983215332,60.7599983215332,145500,0.0,False
2026-07-30,62.20000076293945,63.82699966430664,62.16999816894531,63.810001373291016,63.810001373291016,145000,0.0,False
2026-07-31,64.3499984741211,64.9000015258789,62.93000030517578,63.68000030517578,63.68000030517578,85100,0.0,False
2026-08-03,63.70000076293945,65.29000091552734,63.45500183105469,65.29000091552734,65.29000091552734,117600,0.0,False
2026-08-04,66.41000366210938,67.41999816894531,65.94000244140625,66.80999755859375,66.80999755859375,123600,0.0,False
2026-08-05,67.08999633789062,67.4800033569336,66.29000091552734,66.29000091552734,66.29000091552734,102800,0.0,False
2026-08-06,66.33000183105469,67.0,65.81999969482422,65.86499786376953,65.86499786376953,51500,0.0,False
2026-08-07,66.70999908447266,67.5,65.72599792480469,67.3499984741211,67.3499984741211,67800,0.0,False
2026-08-10,67.08000183105469,67.26499938964844,66.5,66.63999938964844,66.63999938964844,71300,0.0,False
2026-08-11,66.80000305175781,67.71499633789062,66.80000305175781,67.48999786376953,67.48999786376953,48900,0.0,False
2026-08-12,68.29000091552734,68.4000015258789,67.55999755859375,68.05000305175781,68.05000305175781,47500,0.0,False
2026-08-13,67.9000015258789,68.23999786376953,67.33000183105469,68.08999633789062,68.08999633789062,41700,0.0,False
2026-08-14,68.0,68.66000366210938,67.75,68.02999877929688,68.02999877929688,35000,0.0,False
2026-08-17,68.08999633789062,68.4800033569336,67.75,67.83000183105469,67.83000183105469,45200,0.0,False
2026-08-18,67.02999877929688,67.22000122070312,65.7699966430664,66.05000305175781,66.05000305175781,101500,0.0,False
2026-08-19,66.3499984741211,66.47000122070312,65.66500091552734,66.23500061035156,66.23500061035156,70700,0.0,False
2026-08-20,65.73999786376953,66.08000183105469,64.73999786376953,65.04000091552734,65.04000091552734,61100,0.0,False
2026-08-21,65.7300033569336,66.26000213623047,65.37000274658203,65.76000213623047,65.76000213623047,75900,0.0,False
2026-08-24,65.58000183105469,65.80000305175781,64.63999938964844,65.05999755859375,65.05999755859375,143600,0.0,False
2026-08-25,65.80999755859375,66.51000213623047,65.56999969482422,66.44999694824219,66.44999694824219,164400,0.0,False
2026-08-26,66.55999755859375,67.80000305175781,66.5,66.86000061035156,66.86000061035156,111000,0.0,False
2026-08-27,66.87000274658203,67.23999786376953,66.52999877929688,67.02999877929688,67.02999877929688,110800,0.0,False
2026-08-28,67.19000244140625,67.30500030517578,65.1510009765625,65.33000183105469,65.33000183105469,161000,0.0,False
2026-08-31,64.54000091552734,64.87000274658203,64.2699966430664,64.4800033569336,64.4800033569336,155200,0.0,False
2026-09-01,63.95000076293945,64.09500122070312,63.38999938964844,63.56999969482422,63.56999969482422,206300,0.0,False
2026-09-02,63.630001068115234,65.0,63.20000076293945,64.72,64.72,172207,0.0,True
