ticker,ok,rows,err
3697.T,True,2923,
3923.T,True,2662,
4194.T,True,1331,
ACWV,True,3760,
AGG,True,5791,
AIRR,True,3162,
AMLP,True,4052,
APPF,True,2835,
AQWA,True,1378,
ARKG,True,2998,
ARKK,True,2998,
ARKQ,True,3021,
ARKW,True,3021,
ARKX,True,1386,
AVDE,True,1765,
AVDV,True,1765,
AVES,True,1258,
AVUS,True,1765,
AVUV,True,1765,
BIL,True,4869,
BOTZ,True,2529,
BRK-B,True,6729,
BTAL,True,3787,
CANE,True,3783,
CBOE,True,4102,
CEG,True,1182,
CIBR,True,2829,
CLOU,True,1878,
CME,True,5994,
COIN,True,1376,
COPX,True,4141,
CORN,True,4106,
COWZ,True,2458,
CSU.TO,True,4754,
CTA,True,1149,
CXSE,True,3529,
DBMF,True,1863,
DFAS,True,1334,
DIVO,True,2463,
EDV,True,4701,
EFAV,True,3760,
EMB,True,4727,
EMXC,True,2311,
ESGD,True,2541,
EUAD,True,489,
EWA,True,6729,
EWC,True,6729,
EWG,True,6729,
EWJ,True,6729,
EWT,True,6609,
EWU,True,6729,
EWZ,True,6595,
FNDC,True,3304,
FNDE,True,3304,
FNDF,True,3304,
FNDX,True,3304,
FNV,True,4735,
FTEC,True,3255,
GD,True,6729,
GDX,True,5125,
GDXJ,True,4249,
GLD,True,5503,
GLDM,True,2080,
GOVZ,True,1513,
GRID,True,4245,
GUNR,True,3780,
HACK,True,2990,
HYG,True,4903,
IAI,True,5136,
IBB,True,6449,
IBIT,True,685,
IBKR,True,4886,
ICE,True,5252,
IEF,True,6085,
IEMG,True,3505,
IGV,True,6342,
IHAK,True,1837,
IHI,True,5136,
INDA,True,3688,
ITA,True,5136,
IUSV,True,6580,
IVV,True,6633,
IWD,True,6628,
IWN,True,6585,
IWS,True,6330,
IXUS,True,3505,
JEDI,True,257,
JEPI,True,1601,
JEPQ,True,1109,
JQUA,True,2236,
KMLM,True,1466,
KNSL,True,2561,
KOMP,True,1997,
KRE,True,5103,
KSPI,True,680,
KWEB,True,3314,
LMT,True,6729,
LQD,True,6085,
LTPZ,True,4295,
MEDP,True,2551,
MOAT,True,3632,
MSCI,True,4750,
MTUM,True,3387,
NDAQ,True,6105,
NLR,True,4815,
NOC,True,6729,
NU,True,1209,
NUKZ,True,677,
ONON,True,1269,
PALL,True,4210,
PAVE,True,2408,
PAY,True,1346,
PDBC,True,2993,
PPA,True,5267,
PPLT,True,4210,
PRNT,True,2567,
PSCI,True,4150,
PSLV,True,4006,
QQEW,True,5139,
QTUM,True,2031,
QUAL,True,3324,
REMX,True,4007,
ROBO,True,3257,
ROKT,True,1997,
RPRX,True,1584,
RPV,True,5178,
RTX,True,6729,
SCHD,True,3760,
SCHG,True,4214,
SCHP,True,4066,
SCHX,True,4255,
SETM,True,921,
SHLD,True,767,
SHY,True,6085,
SIL,True,4141,
SILJ,True,3482,
SKYY,True,3835,
SMH,True,6623,
SOXX,True,6344,
SPDW,True,4892,
SPGI,True,6729,
SPLV,True,3877,
SPMO,True,2761,
SPYG,True,6540,
STIP,True,3982,
TAIL,True,2387,
TIP,True,5743,
TIPZ,True,4294,
TLH,True,4964,
TLT,True,6085,
TOI.V,True,1424,
URA,True,4001,
URNM,True,1717,
USMV,True,3760,
V,True,4666,
VALQ,True,2192,
VFQY,True,2170,
VGLT,True,4214,
VNQ,True,5539,
VOO,True,4042,
VOX,True,5539,
VT,True,4597,
VTI,True,6363,
VTIP,True,3511,
VTV,True,5706,
WEAT,True,3783,
WM,True,6729,
WPM,True,5346,
XAR,True,3775,
XBI,True,5198,
XLE,True,6729,
XLF,True,6729,
XLI,True,6729,
XLK,True,6729,
XLP,True,6729,
XLU,True,6729,
XLV,True,6729,
XSD,True,5198,
XSW,True,3775,
XT,True,2901,
ZROZ,True,4254,
